armor,attacker_X,attacker_Y,attacker_Z,attacker_health,attacker_place,attacker_name,attacker_steamid,attacker_side,ct_side,dmg_armor,dmg_health,health,hitgroup,t_side,tick,victim_X,victim_Y,victim_Z,victim_health,victim_place,victim_name,victim_steamid,victim_side,weapon,dmg_health_real,round_num
95,-951.517,-525.83344,-88.70459,100.0,BackofB,xertioN,76561198193174134,t,ct,5,9,91,chest,t,2472,-958.2902,-1730.8776,-153.96875,100,BackofB,NAF,76561198001151695,ct,glock,9,1
90,-944.25134,-525.8987,-88.848755,100.0,BackofB,xertioN,76561198193174134,t,ct,5,9,82,chest,t,2486,-935.9561,-1730.9233,-153.96875,91,BackofB,NAF,76561198001151695,ct,glock,9,1
90,-1047.1664,-1584.8525,-153.96875,100.0,BackofB,Spinx,76561198063336407,t,ct,0,106,0,head,t,4565,-732.5623,-1775.5353,-153.96875,82,BackofB,NAF,76561198001151695,ct,glock,82,1
93,-850.15546,568.44275,-215.96875,100.0,TMain,Brollan,76561198138828475,t,ct,7,12,88,chest,t,4865,-507.1892,461.89197,-207.82812,100,TMain,NertZ,76561198053126645,ct,glock,12,1
85,-850.58344,567.33887,-215.96875,100.0,TMain,Brollan,76561198138828475,t,ct,8,15,73,stomach,t,4875,-474.3629,476.92825,-165.4375,88,BombsiteA,NertZ,76561198053126645,ct,glock,15,1
79,-850.4634,566.68,-215.96875,100.0,TMain,Brollan,76561198138828475,t,ct,6,12,61,chest,t,4895,-425.38214,529.4056,-166.23438,73,BombsiteA,NertZ,76561198053126645,ct,glock,12,1
79,-697.3634,407.9656,-215.96875,100.0,TMain,Brollan,76561198138828475,t,ct,0,107,0,head,t,4964,-440.06482,623.4564,-215.96875,61,BombsiteA,NertZ,76561198053126645,ct,glock,61,1
100,-436.6294,-222.68268,-215.96875,100.0,LongDog,xertioN,76561198193174134,t,ct,0,84,16,head,t,5163,659.8384,-179.41797,-215.96875,100,BombsiteA,ultimate,76561198283989223,ct,glock,84,1
100,660.138,-181.09302,-215.96875,16.0,BombsiteA,ultimate,76561198283989223,ct,ct,0,114,0,head,t,5190,-436.48975,-226.24243,-215.96875,100,LongDog,xertioN,76561198193174134,t,hkp2000,100,1
100,-453.54346,169.11263,-215.96875,100.0,BombsiteA,Brollan,76561198138828475,t,ct,0,1,15,generic,t,5228,661.35876,-234.01276,-215.96875,16,BombsiteA,ultimate,76561198283989223,ct,inferno,1,1
100,-458.40424,126.01142,-215.96875,100.0,BombsiteA,Brollan,76561198138828475,t,ct,0,2,13,generic,t,5241,660.2312,-274.96765,-207.76868,15,BombsiteA,ultimate,76561198283989223,ct,inferno,2,1
100,-464.3766,98.836266,-215.96875,100.0,BombsiteA,Brollan,76561198138828475,t,ct,0,3,10,generic,t,5254,655.7023,-319.64246,-207.96875,13,BombsiteA,ultimate,76561198283989223,ct,inferno,3,1
0,368.8891,373.8515,-215.96875,100.0,BombsiteA,siuhy,76561198150673360,ct,ct,0,29,71,chest,t,5445,-276.6371,-203.01459,-215.96875,100,LongDog,Brollan,76561198138828475,t,hkp2000,29,1
0,-229.08246,-261.62268,-215.96875,71.0,BombsiteA,Brollan,76561198138828475,t,ct,0,22,78,chest,t,5485,356.291,385.96805,-215.96875,100,BombsiteA,siuhy,76561198150673360,ct,glock,22,1
0,-221.26514,-268.5984,-215.96875,71.0,BombsiteA,Brollan,76561198138828475,t,ct,0,22,56,chest,t,5496,357.40317,381.8476,-215.96875,78,BombsiteA,siuhy,76561198150673360,ct,glock,22,1
0,356.68405,382.4495,-215.96875,56.0,BombsiteA,siuhy,76561198150673360,ct,ct,0,37,34,stomach,t,5515,-206.53198,-281.46814,-208.96875,71,BombsiteA,Brollan,76561198138828475,t,hkp2000,37,1
0,351.22913,385.96814,-215.96875,56.0,BombsiteA,siuhy,76561198150673360,ct,ct,0,29,5,chest,t,5559,-174.97693,-285.9569,-215.96875,34,BombsiteA,Brollan,76561198138828475,t,hkp2000,29,1
0,350.622,385.06058,-215.96875,56.0,BombsiteA,siuhy,76561198150673360,ct,ct,0,119,0,head,t,5573,-169.1015,-285.25885,-215.96875,5,BombsiteA,Brollan,76561198138828475,t,hkp2000,5,1
0,-216.88293,36.8384,-215.96875,100.0,ElectricalBox,Jimpphat,76561198855375325,t,ct,0,24,32,chest,t,5618,357.39166,376.27634,-215.96875,56,BombsiteA,siuhy,76561198150673360,ct,glock,24,1
0,-218.25952,37.338097,-215.96875,100.0,ElectricalBox,Jimpphat,76561198855375325,t,ct,0,24,8,chest,t,5646,364.01517,368.89017,-215.96875,32,BombsiteA,siuhy,76561198150673360,ct,glock,24,1
0,-219.9148,40.17805,-215.96875,100.0,ElectricalBox,Jimpphat,76561198855375325,t,ct,0,24,0,right_arm,t,5656,371.3058,359.44986,-215.96875,8,BombsiteA,siuhy,76561198150673360,ct,glock,8,1
100,-235.40118,85.733765,-215.96875,100.0,ElectricalBox,Jimpphat,76561198855375325,t,ct,0,88,0,head,t,5787,690.4737,-44.716797,-215.96875,10,BombsiteA,ultimate,76561198283989223,ct,glock,10,1
100,-406.59845,-365.1167,-214.96875,100.0,LongDog,Spinx,76561198063336407,t,ct,0,93,7,head,t,5902,-1175.3336,-365.27936,-132.96875,100,LongDog,Twistzz,76561198016255205,ct,glock,93,1
100,-1173.6509,-370.33167,-132.96875,7.0,LongDog,Twistzz,76561198016255205,ct,ct,0,121,0,head,t,5965,-406.6787,-332.07166,-214.8451,100,LongDog,Spinx,76561198063336407,t,hkp2000,100,1
92,-461.01758,94.96376,-215.96875,7.0,BombsiteA,Twistzz,76561198016255205,ct,ct,8,18,82,stomach,t,6697,595.8805,-58.012207,-141.96875,100,BombsiteA,Jimpphat,76561198855375325,t,hkp2000,18,1
95,595.47485,-61.578796,-141.96875,82.0,BombsiteA,Jimpphat,76561198855375325,t,ct,5,9,0,chest,t,6700,-461.19324,93.70223,-215.96875,7,BombsiteA,Twistzz,76561198016255205,ct,glock,7,1
100,-888.2384,457.2648,-215.96875,100.0,TMain,xertioN,76561198193174134,t,ct,0,1,99,generic,t,9022,-421.34924,-258.8282,-215.96875,100,LongDog,NertZ,76561198053126645,ct,inferno,1,2
100,-888.2384,457.2648,-215.96875,100.0,TMain,xertioN,76561198193174134,t,ct,0,1,99,generic,t,9022,-530.4786,-373.61914,-213.64264,100,LongDog,siuhy,76561198150673360,ct,inferno,1,2
100,-893.1407,419.04913,-215.96875,100.0,TMain,xertioN,76561198193174134,t,ct,0,2,97,generic,t,9035,-430.8073,-306.448,-213.96753,99,LongDog,NertZ,76561198053126645,ct,inferno,2,2
100,-892.2341,393.21808,-215.96875,100.0,TMain,xertioN,76561198193174134,t,ct,0,3,94,generic,t,9048,-451.4662,-350.2077,-214.96875,97,LongDog,NertZ,76561198053126645,ct,inferno,3,2
100,-891.37024,382.60342,-215.96875,100.0,TMain,xertioN,76561198193174134,t,ct,0,4,90,generic,t,9061,-490.34406,-370.1482,-214.96875,94,LongDog,NertZ,76561198053126645,ct,inferno,4,2
100,-889.702,383.0709,-215.96875,100.0,TMain,xertioN,76561198193174134,t,ct,0,4,86,generic,t,9073,-534.0327,-372.2793,-213.50592,90,LongDog,NertZ,76561198053126645,ct,inferno,4,2
100,-966.5394,-453.89075,20.03125,100.0,TSideUpper,Spinx,76561198063336407,t,ct,0,8,92,generic,t,9126,-737.144,-842.081,-233.44019,100,BackofB,Twistzz,76561198016255205,ct,inferno,8,2
100,-874.8121,362.85352,-215.96875,100.0,TMain,xertioN,76561198193174134,t,ct,0,0,100,generic,t,9191,-874.8121,362.85352,-215.96875,100,TMain,xertioN,76561198193174134,t,hegrenade,0,2
96,-1212.528,-300.68433,-132.96875,99.0,LongDog,siuhy,76561198150673360,ct,ct,4,14,86,chest,t,9237,-1295.3268,-548.9872,-88.96875,100,LongDog,Brollan,76561198138828475,t,mp9,14,2
95,-1300.9165,-546.7184,-88.96875,86.0,LongDog,Brollan,76561198138828475,t,ct,5,14,85,chest,t,9242,-1214.9744,-303.22302,-132.96875,99,LongDog,siuhy,76561198150673360,ct,mac10,14,2
92,-1214.9744,-303.22302,-132.96875,99.0,LongDog,siuhy,76561198150673360,ct,ct,4,14,72,chest,t,9242,-1300.9165,-546.7184,-88.96875,86,LongDog,Brollan,76561198138828475,t,mp9,14,2
88,-1207.7645,-307.91736,-132.96875,85.0,LongDog,siuhy,76561198150673360,ct,ct,4,14,58,chest,t,9251,-1300.3678,-548.0705,-88.96875,72,LongDog,Brollan,76561198138828475,t,mp9,14,2
84,-1203.4933,-309.95435,-132.96875,85.0,LongDog,siuhy,76561198150673360,ct,ct,4,14,44,chest,t,9255,-1299.2664,-549.0727,-88.96875,58,LongDog,Brollan,76561198138828475,t,mp9,14,2
95,-1261.0461,-578.48315,-88.96875,100.0,LongDog,Spinx,76561198063336407,t,ct,0,26,59,left_leg,t,9259,-1198.8579,-312.08777,-132.96875,85,LongDog,siuhy,76561198150673360,ct,ak47,26,2
65,-1197.7268,-312.60248,-132.96875,59.0,LongDog,siuhy,76561198150673360,ct,ct,19,58,0,head,t,9260,-1296.6171,-550.3019,-88.96875,44,LongDog,Brollan,76561198138828475,t,mp9,44,2
95,-1247.5856,-582.20575,-88.96875,100.0,LongDog,Spinx,76561198063336407,t,ct,0,6,53,head,t,9272,-1190.7416,-315.75427,-132.96875,59,LongDog,siuhy,76561198150673360,ct,ak47,6,2
91,-769.93744,-555.08014,-87.80676,100.0,BackofB,Spinx,76561198063336407,t,ct,4,34,19,stomach,t,9469,-1275.6229,-520.6266,-88.96875,53,LongDog,siuhy,76561198150673360,ct,ak47,34,2
88,-755.15735,-556.499,-87.91699,100.0,BackofB,Spinx,76561198063336407,t,ct,3,27,0,chest,t,9482,-1275.4922,-527.85565,-88.96875,19,LongDog,siuhy,76561198150673360,ct,ak47,19,2
100,-363.1194,115.862,-215.96875,100.0,BombsiteA,xertioN,76561198193174134,t,ct,0,115,0,head,t,9823,660.9347,-21.967102,-215.96875,100,BombsiteA,ultimate,76561198283989223,ct,galilar,100,2
97,-1016.1658,-322.55786,18.03125,100.0,TSideUpper,torzsi,76561198355739212,t,ct,3,22,70,right_arm,t,9940,-929.61896,-880.13965,-153.96875,92,BackofB,Twistzz,76561198016255205,ct,galilar,22,2
96,-925.9824,-879.62683,-153.96875,70.0,BackofB,Twistzz,76561198016255205,ct,ct,4,13,87,chest,t,9945,-1012.9322,-322.07037,18.03125,100,TSideUpper,torzsi,76561198355739212,t,mp9,13,2
92,-916.88324,-878.3088,-153.96875,70.0,BackofB,Twistzz,76561198016255205,ct,ct,4,13,74,chest,t,9954,-1008.13477,-321.41785,18.03125,87,TSideUpper,torzsi,76561198355739212,t,mp9,13,2
93,-1010.0859,-321.6505,18.03125,74.0,TSideUpper,torzsi,76561198355739212,t,ct,4,28,42,stomach,t,9957,-918.2454,-878.52985,-153.96875,70,BackofB,Twistzz,76561198016255205,ct,galilar,28,2
80,-1012.74915,-322.00165,18.03125,74.0,TSideUpper,torzsi,76561198355739212,t,ct,13,90,0,head,t,9974,-929.0251,-880.0763,-153.96875,42,BackofB,Twistzz,76561198016255205,ct,galilar,42,2
97,-570.1954,-508.70178,-35.651184,100.0,TSideUpper,Spinx,76561198063336407,t,ct,3,27,59,chest,t,10025,-1241.0887,-508.19592,-88.96875,86,LongDog,NertZ,76561198053126645,ct,ak47,27,2
94,-570.2405,-501.09375,-32.849976,100.0,TSideUpper,Spinx,76561198063336407,t,ct,3,27,32,right_arm,t,10050,-1240.9645,-497.4369,-88.96875,59,LongDog,NertZ,76561198053126645,ct,ak47,27,2
96,-1241.1,-502.3402,-88.96875,32.0,LongDog,NertZ,76561198053126645,ct,ct,4,12,88,chest,t,10054,-570.2362,-499.57544,-31.792908,100,TSideUpper,Spinx,76561198063336407,t,mp9,12,2
79,-570.2384,-499.8629,-31.993042,88.0,TSideUpper,Spinx,76561198063336407,t,ct,15,108,0,head,t,10057,-1241.1274,-502.99536,-88.96875,32,LongDog,NertZ,76561198053126645,ct,ak47,32,2
61,-365.83075,1348.3088,-107.96875,100.0,Dumpster,NAF,76561198001151695,ct,ct,31,63,11,head,t,11852,-902.99536,1278.7745,-213.96753,74,TStairs,torzsi,76561198355739212,t,hkp2000,63,2
0,-903.1275,1279.6927,-213.96875,11.0,TSpawn,torzsi,76561198355739212,t,ct,0,29,71,chest,t,11859,-366.27948,1351.7787,-107.96875,100,Dumpster,NAF,76561198001151695,ct,galilar,29,2
0,-903.0224,1278.812,-213.96753,11.0,TSpawn,torzsi,76561198355739212,t,ct,0,29,42,chest,t,11864,-366.13647,1350.1111,-107.96875,71,Dumpster,NAF,76561198001151695,ct,galilar,29,2
30,-364.98102,1339.8438,-107.96875,42.0,Dumpster,NAF,76561198001151695,ct,ct,31,63,0,head,t,11874,-903.1355,1279.6868,-213.96875,11,TSpawn,torzsi,76561198355739212,t,hkp2000,11,2
89,-362.4298,1314.8518,-107.96875,42.0,Dumpster,NAF,76561198001151695,ct,ct,7,15,73,chest,t,11899,-914.1312,1302.8433,-215.96875,88,TSpawn,Spinx,76561198063336407,t,hkp2000,15,2
0,-914.11896,1301.2684,-215.96875,73.0,TSpawn,Spinx,76561198063336407,t,ct,0,140,0,head,t,11908,-362.19824,1309.1929,-107.96875,42,Dumpster,NAF,76561198001151695,ct,ak47,42,2
89,-997.5592,-8.330078,16.03125,100.0,TSideUpper,Spinx,76561198063336407,t,ct,0,1,99,generic,t,14114,-997.5592,-8.330078,16.03125,100,TSideUpper,Spinx,76561198063336407,t,inferno,1,3
89,-997.7589,-59.11682,46.359375,99.0,TSideUpper,Spinx,76561198063336407,t,ct,0,2,97,generic,t,14127,-997.7589,-59.11682,46.359375,99,TSideUpper,Spinx,76561198063336407,t,inferno,2,3
89,-1001.9409,-110.5542,70.890625,97.0,TSideUpper,Spinx,76561198063336407,t,ct,0,3,94,generic,t,14140,-1001.9409,-110.5542,70.890625,97,TSideUpper,Spinx,76561198063336407,t,inferno,3,3
0,-796.19006,832.9683,-215.96875,100.0,TMain,Jimpphat,76561198855375325,t,ct,0,31,69,generic,t,14140,-111.44989,-172.14453,-215.96875,100,BombsiteA,siuhy,76561198150673360,ct,hegrenade,31,3
0,-796.19006,832.9683,-215.96875,100.0,TMain,Jimpphat,76561198855375325,t,ct,0,26,74,generic,t,14140,-69.4751,-244.1659,-215.96875,100,BombsiteA,Twistzz,76561198016255205,ct,hegrenade,26,3
89,-996.8724,-158.85583,64.21875,94.0,TSideUpper,Spinx,76561198063336407,t,ct,0,4,90,generic,t,14152,-996.8724,-158.85583,64.21875,94,TSideUpper,Spinx,76561198063336407,t,inferno,4,3
0,-888.64655,390.10605,-215.96875,100.0,TMain,xertioN,76561198193174134,t,ct,0,64,36,generic,t,14206,817.3829,539.81323,-211.96875,100,Tunnels,NAF,76561198001151695,ct,hegrenade,64,3
0,-816.93146,289.13574,-215.96875,100.0,TMain,xertioN,76561198193174134,t,ct,0,1,35,generic,t,14609,794.20667,533.8266,-211.96875,36,Tunnels,NAF,76561198001151695,ct,inferno,1,3
0,-818.8741,285.69162,-215.96875,100.0,TMain,xertioN,76561198193174134,t,ct,0,2,33,generic,t,14622,806.616,517.8019,-211.96875,35,Tunnels,NAF,76561198001151695,ct,inferno,2,3
0,-819.8675,283.30432,-215.96875,100.0,TMain,xertioN,76561198193174134,t,ct,0,3,30,generic,t,14635,833.043,488.34042,-211.96875,33,Tunnels,NAF,76561198001151695,ct,inferno,3,3
100,817.353,546.231,-211.96875,30.0,Tunnels,NAF,76561198001151695,ct,ct,0,25,75,right_leg,t,15233,-500.65894,510.53537,-215.96875,100,TMain,xertioN,76561198193174134,t,deagle,25,3
0,-575.6715,-421.40564,-213.46875,90.0,LongDog,Spinx,76561198063336407,t,ct,0,87,13,head,t,15249,177.8363,241.23866,-215.96875,100,BombsiteA,ultimate,76561198283989223,ct,ak47,87,3
0,-868.48444,495.0738,-215.96875,100.0,TMain,torzsi,76561198355739212,t,ct,0,82,0,generic,t,15300,159.03738,307.93793,-215.96875,13,BombsiteA,ultimate,76561198283989223,ct,hegrenade,13,3
0,-351.67834,637.96643,-215.96875,75.0,BombsiteA,xertioN,76561198193174134,t,ct,0,28,46,chest,t,15438,679.34546,48.36387,-215.96875,74,BombsiteA,Twistzz,76561198016255205,ct,galilar,28,3
0,-346.89417,637.9682,-215.96875,75.0,BombsiteA,xertioN,76561198193174134,t,ct,0,28,18,chest,t,15444,679.30457,54.943096,-215.96875,46,BombsiteA,Twistzz,76561198016255205,ct,galilar,28,3
0,-342.7589,637.9702,-215.96875,75.0,BombsiteA,xertioN,76561198193174134,t,ct,0,28,0,chest,t,15449,678.85266,59.67272,-215.96875,18,BombsiteA,Twistzz,76561198016255205,ct,galilar,18,3
0,-450.62817,-250.48914,-215.96875,90.0,LongDog,Spinx,76561198063336407,t,ct,0,33,0,right_arm,t,15566,904.11633,237.8513,-211.96875,30,Tunnels,NAF,76561198001151695,ct,ak47,30,3
0,-423.65137,-335.21613,-214.96875,100.0,LongDog,Brollan,76561198138828475,t,ct,0,1,68,generic,t,15678,616.17035,664.6057,-215.96875,69,BombsiteA,siuhy,76561198150673360,ct,inferno,1,3
93,655.34937,627.42224,-215.96875,68.0,BombsiteA,siuhy,76561198150673360,ct,ct,7,14,61,chest,t,15701,-234.18378,458.91507,-215.96875,75,BombsiteA,xertioN,76561198193174134,t,hkp2000,14,3
0,-231.03589,452.6885,-215.96875,61.0,BombsiteA,xertioN,76561198193174134,t,ct,0,28,40,chest,t,15704,655.6065,625.9149,-215.96875,68,BombsiteA,siuhy,76561198150673360,ct,galilar,28,3
0,-230.2536,453.56628,-215.96875,61.0,BombsiteA,xertioN,76561198193174134,t,ct,0,28,12,chest,t,15710,655.62366,625.85675,-215.96875,40,BombsiteA,siuhy,76561198150673360,ct,galilar,28,3
0,-231.16907,459.31738,-215.96875,61.0,BombsiteA,xertioN,76561198193174134,t,ct,0,36,0,stomach,t,15721,655.84766,620.862,-215.96875,12,BombsiteA,siuhy,76561198150673360,ct,galilar,12,3
0,71.14115,400.3762,-215.96875,61.0,BombsiteA,xertioN,76561198193174134,t,ct,0,116,0,head,t,15919,690.5154,-83.80914,-215.96875,100,BombsiteA,NertZ,76561198053126645,ct,galilar,100,3
89,-1007.8602,1.8025448,16.03125,100.0,TSideUpper,Spinx,76561198063336407,t,ct,0,1,99,generic,t,18152,-1007.8602,1.8025448,16.03125,100,TSideUpper,Spinx,76561198063336407,t,inferno,1,4
89,-1004.4991,-47.787292,16.03125,99.0,TSideUpper,Spinx,76561198063336407,t,ct,0,2,97,generic,t,18165,-1004.4991,-47.787292,16.03125,99,TSideUpper,Spinx,76561198063336407,t,inferno,2,4
100,-1004.4991,-47.787292,16.03125,99.0,TSideUpper,Spinx,76561198063336407,t,ct,0,1,99,generic,t,18165,-998.8799,123.31867,16.03125,100,TSideUpper,Brollan,76561198138828475,t,inferno,1,4
89,-998.47754,-97.18518,16.03125,97.0,TSideUpper,Spinx,76561198063336407,t,ct,0,3,94,generic,t,18178,-998.47754,-97.18518,16.03125,97,TSideUpper,Spinx,76561198063336407,t,inferno,3,4
89,-991.9373,-142.65436,16.03125,94.0,TSideUpper,Spinx,76561198063336407,t,ct,0,4,90,generic,t,18190,-991.9373,-142.65436,16.03125,94,TSideUpper,Spinx,76561198063336407,t,inferno,4,4
89,-984.7183,-192.03467,16.03125,90.0,TSideUpper,Spinx,76561198063336407,t,ct,0,4,86,generic,t,18203,-984.7183,-192.03467,16.03125,90,TSideUpper,Spinx,76561198063336407,t,inferno,4,4
89,-977.7413,-242.33429,18.031254,86.0,TSideUpper,Spinx,76561198063336407,t,ct,0,5,81,generic,t,18216,-977.7413,-242.33429,18.031254,86,TSideUpper,Spinx,76561198063336407,t,inferno,5,4
75,-662.1684,259.17084,-215.96875,100.0,TMain,NertZ,76561198053126645,ct,ct,18,87,13,head,t,18599,-812.07587,643.79254,-215.96875,100,TMain,xertioN,76561198193174134,t,m4a1,87,4
96,-809.2862,645.31195,-215.96875,13.0,TMain,xertioN,76561198193174134,t,ct,4,28,72,stomach,t,18606,-648.49554,264.4972,-215.96875,100,TMain,NertZ,76561198053126645,ct,galilar,28,4
93,-895.5147,364.48474,-215.96875,13.0,TMain,xertioN,76561198193174134,t,ct,3,22,50,left_arm,t,18886,-495.73627,400.17862,-215.96875,72,BombsiteA,NertZ,76561198053126645,ct,galilar,22,4
93,-895.49695,362.87015,-215.96875,13.0,TMain,xertioN,76561198193174134,t,ct,0,118,0,head,t,18891,-494.076,407.30917,-215.96875,50,BombsiteA,NertZ,76561198053126645,ct,galilar,50,4
71,561.4804,-126.294556,-141.96875,100.0,BombsiteA,NAF,76561198001151695,ct,ct,4,6,7,generic,t,19132,-738.939,826.6045,-215.96875,13,TMain,xertioN,76561198193174134,t,hegrenade,6,4
96,-430.0675,-136.42761,-215.96875,99.0,BombsiteA,Brollan,76561198138828475,t,ct,4,33,67,stomach,t,19990,734.78845,127.16658,-211.96875,100,Tunnels,ultimate,76561198283989223,ct,ak47,33,4
100,683.4487,-108.30896,-215.96875,100.0,BombsiteA,NAF,76561198001151695,ct,ct,0,1,98,generic,t,19992,-430.8736,-132.18103,-215.96875,99,BombsiteA,Brollan,76561198138828475,t,inferno,1,4
96,-431.4781,-128.5625,-215.96875,98.0,BombsiteA,Brollan,76561198138828475,t,ct,0,137,0,head,t,19996,727.8159,126.42035,-211.96875,67,Tunnels,ultimate,76561198283989223,ct,ak47,67,4
100,683.6638,-64.13434,-215.96875,100.0,BombsiteA,NAF,76561198001151695,ct,ct,0,2,96,generic,t,20005,-431.35052,-128.95117,-215.96875,98,BombsiteA,Brollan,76561198138828475,t,inferno,2,4
100,672.2475,-21.478088,-215.96875,100.0,BombsiteA,NAF,76561198001151695,ct,ct,0,3,93,generic,t,20018,-431.417,-128.656,-215.96875,96,BombsiteA,Brollan,76561198138828475,t,inferno,3,4
100,661.80115,18.555672,-215.96875,100.0,BombsiteA,NAF,76561198001151695,ct,ct,0,4,89,generic,t,20030,-429.83856,-127.91193,-215.96875,93,BombsiteA,Brollan,76561198138828475,t,inferno,4,4
100,653.4689,62.04385,-215.96875,100.0,BombsiteA,NAF,76561198001151695,ct,ct,0,4,85,generic,t,20043,-411.74377,-116.0199,-215.96875,89,BombsiteA,Brollan,76561198138828475,t,inferno,4,4
83,652.33905,68.15692,-215.96875,100.0,BombsiteA,NAF,76561198001151695,ct,ct,17,80,5,head,t,20048,-399.276,-112.812256,-215.96875,85,BombsiteA,Brollan,76561198138828475,t,m4a1,80,4
83,651.7161,71.80967,-215.96875,100.0,BombsiteA,NAF,76561198001151695,ct,ct,0,5,0,generic,t,20056,-388.53113,-110.99707,-215.96875,5,BombsiteA,Brollan,76561198138828475,t,inferno,5,4
54,659.4871,362.971,-215.96875,100.0,BombsiteA,NAF,76561198001151695,ct,ct,17,79,0,head,t,20233,-570.20087,434.4182,-215.96875,7,TMain,xertioN,76561198193174134,t,m4a1,7,4
96,659.2948,359.01987,-215.96875,100.0,BombsiteA,NAF,76561198001151695,ct,ct,4,21,79,chest,t,20239,-895.95447,421.0787,-215.96875,100,TMain,torzsi,76561198355739212,t,m4a1,21,4
95,-272.0586,334.84183,-215.96875,100.0,BombsiteA,siuhy,76561198150673360,ct,ct,5,25,75,chest,t,20317,-620.84406,418.5248,-215.96875,100,TMain,Jimpphat,76561198855375325,t,m4a1,25,4
90,-272.44153,333.30585,-215.96875,100.0,BombsiteA,siuhy,76561198150673360,ct,ct,5,25,50,chest,t,20323,-621.5221,414.74203,-215.96875,75,TMain,Jimpphat,76561198855375325,t,m4a1,25,4
85,-272.8999,331.34256,-215.96875,100.0,BombsiteA,siuhy,76561198150673360,ct,ct,5,25,25,chest,t,20329,-622.0574,411.84433,-215.96875,50,TMain,Jimpphat,76561198855375325,t,m4a1,25,4
80,-272.86737,331.44916,-215.96875,100.0,BombsiteA,siuhy,76561198150673360,ct,ct,5,25,0,chest,t,20336,-621.18353,416.07294,-215.96875,25,TMain,Jimpphat,76561198855375325,t,m4a1,25,4
91,-297.60803,298.026,-215.96875,100.0,BombsiteA,siuhy,76561198150673360,ct,ct,5,25,54,chest,t,20698,-633.61835,525.85565,-215.96875,79,TMain,torzsi,76561198355739212,t,m4a1,25,4
86,-292.79053,297.28418,-215.96875,100.0,BombsiteA,siuhy,76561198150673360,ct,ct,5,25,29,right_arm,t,20704,-633.233,526.48083,-215.96875,54,TMain,torzsi,76561198355739212,t,m4a1,25,4
81,-290.2445,295.18726,-215.96875,100.0,BombsiteA,siuhy,76561198150673360,ct,ct,5,25,4,chest,t,20711,-633.85205,525.5225,-215.96875,29,TMain,torzsi,76561198355739212,t,m4a1,25,4
76,-289.61383,295.35925,-215.96875,100.0,BombsiteA,siuhy,76561198150673360,ct,ct,5,25,0,chest,t,20717,-633.80096,525.5972,-215.96875,4,TMain,torzsi,76561198355739212,t,m4a1,4,4
84,-1240.5594,-380.74316,-132.96875,100.0,LongDog,Twistzz,76561198016255205,ct,ct,5,24,57,chest,t,20790,-432.88177,-339.86005,-214.96875,81,LongDog,Spinx,76561198063336407,t,m4a1,24,4
79,-1240.9019,-373.87878,-132.96875,100.0,LongDog,Twistzz,76561198016255205,ct,ct,5,24,33,chest,t,20803,-432.14832,-331.65924,-214.7273,57,LongDog,Spinx,76561198063336407,t,m4a1,24,4
74,-1240.839,-375.011,-132.96875,100.0,LongDog,Twistzz,76561198016255205,ct,ct,5,24,9,chest,t,20810,-431.1587,-330.03766,-214.26398,33,LongDog,Spinx,76561198063336407,t,m4a1,24,4
69,-1240.7529,-376.47656,-132.96875,100.0,LongDog,Twistzz,76561198016255205,ct,ct,5,24,0,chest,t,20816,-428.35657,-328.1422,-213.96753,9,LongDog,Spinx,76561198063336407,t,m4a1,9,4
100,-1006.78656,18.205492,16.03125,100.0,TSideUpper,Spinx,76561198063336407,t,ct,0,1,99,generic,t,23044,-1006.78656,18.205492,16.03125,100,TSideUpper,Spinx,76561198063336407,t,inferno,1,5
100,-1002.7409,-31.39264,16.03125,99.0,TSideUpper,Spinx,76561198063336407,t,ct,0,2,97,generic,t,23057,-1002.7409,-31.39264,16.03125,99,TSideUpper,Spinx,76561198063336407,t,inferno,2,5
100,-997.5431,-80.88562,16.03125,97.0,TSideUpper,Spinx,76561198063336407,t,ct,0,3,94,generic,t,23070,-997.5431,-80.88562,16.03125,97,TSideUpper,Spinx,76561198063336407,t,inferno,3,5
100,-992.1777,-127.12164,16.03125,94.0,TSideUpper,Spinx,76561198063336407,t,ct,0,4,90,generic,t,23082,-992.1777,-127.12164,16.03125,94,TSideUpper,Spinx,76561198063336407,t,inferno,4,5
100,-975.8497,-172.58899,16.03125,90.0,TSideUpper,Spinx,76561198063336407,t,ct,0,4,86,generic,t,23095,-975.8497,-172.58899,16.03125,90,TSideUpper,Spinx,76561198063336407,t,inferno,4,5
100,-941.1381,-206.35956,16.03125,86.0,TSideUpper,Spinx,76561198063336407,t,ct,0,5,81,generic,t,23108,-941.1381,-206.35956,16.03125,86,TSideUpper,Spinx,76561198063336407,t,inferno,5,5
100,-895.7842,-227.08533,16.03125,81.0,TSideUpper,Spinx,76561198063336407,t,ct,0,6,75,generic,t,23121,-895.7842,-227.08533,16.03125,81,TSideUpper,Spinx,76561198063336407,t,inferno,6,5
100,-849.2595,-231.49597,16.03125,75.0,TSideUpper,Spinx,76561198063336407,t,ct,0,7,68,generic,t,23134,-849.2595,-231.49597,16.03125,75,TSideUpper,Spinx,76561198063336407,t,inferno,7,5
100,-818.6489,-230.05676,16.03125,68.0,TSideUpper,Spinx,76561198063336407,t,ct,0,8,60,generic,t,23146,-818.6489,-230.05676,16.03125,68,TSideUpper,Spinx,76561198063336407,t,inferno,8,5
100,-659.86743,1168.2496,-215.96875,100.0,TMain,xertioN,76561198193174134,t,ct,0,3,97,generic,t,23164,-373.39636,-176.4718,-215.96875,100,LongDog,siuhy,76561198150673360,ct,inferno,3,5
100,-665.62146,1148.315,-215.96875,100.0,TMain,xertioN,76561198193174134,t,ct,0,4,93,generic,t,23176,-403.25476,-209.61768,-215.96875,97,LongDog,siuhy,76561198150673360,ct,inferno,4,5
83,-759.68665,-239.03198,17.03125,60.0,TSideUpper,Spinx,76561198063336407,t,ct,17,26,74,generic,t,23176,-732.9021,-842.59143,-236.5763,100,BackofB,Twistzz,76561198016255205,ct,hegrenade,26,5
100,-680.76337,1131.5367,-215.96875,100.0,TMain,xertioN,76561198193174134,t,ct,0,4,89,generic,t,23189,-413.84753,-255.8523,-215.96875,93,LongDog,siuhy,76561198150673360,ct,inferno,4,5
100,-698.70416,1117.6188,-215.96875,100.0,TMain,xertioN,76561198193174134,t,ct,0,5,84,generic,t,23202,-417.40137,-305.41235,-206.35938,89,LongDog,siuhy,76561198150673360,ct,inferno,5,5
100,-716.6241,1103.6693,-215.96875,100.0,TMain,xertioN,76561198193174134,t,ct,0,6,78,generic,t,23215,-445.15515,-348.39838,-166.4375,84,LongDog,siuhy,76561198150673360,ct,inferno,6,5
100,-734.3164,1089.4327,-215.96875,100.0,TMain,xertioN,76561198193174134,t,ct,0,7,71,generic,t,23228,-491.45483,-375.3329,-150.53125,78,LongDog,siuhy,76561198150673360,ct,inferno,7,5
100,-750.3483,1075.9277,-215.96875,100.0,TMain,xertioN,76561198193174134,t,ct,0,8,63,generic,t,23240,-540.28485,-375.52893,-173.45312,71,LongDog,siuhy,76561198150673360,ct,inferno,8,5
97,998.98,783.4838,-213.34692,100.0,Ivy,Jimpphat,76561198855375325,t,ct,3,27,73,right_arm,t,24312,1569.2615,283.59735,-211.96875,100,Tunnels,NAF,76561198001151695,ct,ak47,27,5
94,998.58905,783.04504,-213.21191,100.0,Ivy,Jimpphat,76561198855375325,t,ct,3,27,46,chest,t,24318,1571.3726,290.80377,-211.96875,73,Tunnels,NAF,76561198001151695,ct,ak47,27,5
91,998.2914,782.13385,-212.93158,100.0,Ivy,Jimpphat,76561198855375325,t,ct,3,27,19,left_arm,t,24325,1573.341,298.24957,-211.96875,46,Tunnels,NAF,76561198001151695,ct,ak47,27,5
88,998.5861,782.309,-212.98547,100.0,Ivy,Jimpphat,76561198855375325,t,ct,3,27,0,chest,t,24331,1573.2401,304.47968,-211.96875,19,Tunnels,NAF,76561198001151695,ct,ak47,19,5
70,-880.6321,-891.2195,-152.96875,74.0,BackofB,Twistzz,76561198016255205,ct,ct,30,45,55,generic,t,24373,-899.813,-177.43054,16.031248,100,TSideUpper,torzsi,76561198355739212,t,hegrenade,45,5
67,-708.091,-846.48895,-254.9195,100.0,BackofB,NertZ,76561198053126645,ct,ct,3,4,51,generic,t,24476,-904.6234,-172.19604,16.53125,55,TSideUpper,torzsi,76561198355739212,t,hegrenade,4,5
96,510.70917,-152.182,-141.96875,100.0,BombsiteA,ultimate,76561198283989223,ct,ct,4,23,77,chest,t,24499,1184.0983,680.88666,-211.96875,100,Ivy,Jimpphat,76561198855375325,t,m4a1,23,5
97,1188.9996,677.70135,-211.96875,77.0,Ivy,Jimpphat,76561198855375325,t,ct,3,26,74,chest,t,24510,510.8498,-152.38354,-141.96875,100,BombsiteA,ultimate,76561198283989223,ct,ak47,26,5
90,513.5599,-154.6222,-141.96875,74.0,BombsiteA,ultimate,76561198283989223,ct,ct,6,29,48,stomach,t,24518,1186.8563,679.4926,-211.96875,77,Ivy,Jimpphat,76561198855375325,t,m4a1,29,5
82,1185.6854,680.45154,-211.96875,48.0,Ivy,Jimpphat,76561198855375325,t,ct,15,106,0,head,t,24523,515.4843,-156.21344,-141.96875,74,BombsiteA,ultimate,76561198283989223,ct,ak47,74,5
98,-1162.428,-536.8851,-88.44061,100.0,LongDog,xertioN,76561198193174134,t,ct,2,19,44,chest,t,27999,-918.83185,-1673.6404,-153.96875,63,BackofB,siuhy,76561198150673360,ct,ak47,19,5
94,-1163.8795,-537.1932,-88.259155,100.0,LongDog,xertioN,76561198193174134,t,ct,4,33,11,stomach,t,28006,-909.99976,-1673.1212,-153.96875,44,BackofB,siuhy,76561198150673360,ct,ak47,33,5
84,1720.9509,-1640.5093,-318.38184,100.0,CTSpawn,Brollan,76561198138828475,t,ct,16,111,0,head,t,29271,1622.1915,-1690.4009,-321.1339,100,Entrance,NertZ,76561198053126645,ct,ak47,100,5
79,1730.7706,-1674.2001,-321.1339,100.0,Entrance,Brollan,76561198138828475,t,ct,4,34,40,stomach,t,29303,1210.6345,-1699.071,-320.3839,74,Entrance,Twistzz,76561198016255205,ct,ak47,34,5
75,1730.7394,-1673.4067,-321.1339,100.0,Entrance,Brollan,76561198138828475,t,ct,4,34,6,stomach,t,29310,1214.5756,-1692.2404,-320.3839,40,Entrance,Twistzz,76561198016255205,ct,ak47,34,5
71,1730.7383,-1673.4681,-321.1339,100.0,Entrance,Brollan,76561198138828475,t,ct,4,34,0,stomach,t,29316,1212.7625,-1688.3882,-320.3839,6,Entrance,Twistzz,76561198016255205,ct,ak47,6,5
93,1737.2874,-1637.5587,-318.38184,48.0,CTSpawn,Jimpphat,76561198855375325,t,ct,1,10,1,chest,t,29335,972.2657,-1724.291,-318.96875,11,BombsiteB,siuhy,76561198150673360,ct,ak47,10,5
97,972.7891,-1718.0688,-318.96875,1.0,BombsiteB,siuhy,76561198150673360,ct,ct,3,27,73,chest,t,29342,1730.7252,-1672.1183,-321.1339,100,Entrance,Brollan,76561198138828475,t,ak47,27,5
90,1730.7151,-1671.9973,-321.1339,73.0,Entrance,Brollan,76561198138828475,t,ct,3,27,0,chest,t,29348,973.0239,-1722.8093,-318.96875,1,BombsiteB,siuhy,76561198150673360,ct,ak47,1,5
89,,,,,,,,,ct,11,11,89,generic,t,29659,479.26227,-1443.6262,-329.8125,100,BombsiteB,xertioN,76561198193174134,t,"",11,5
64,,,,,,,,,ct,3,3,48,generic,t,29659,-798.9676,1261.5768,-215.96875,51,TMain,torzsi,76561198355739212,t,"",3,5
95,,,,,,,,,ct,2,2,71,generic,t,29659,746.1969,-1721.3054,-318.96875,73,BombsiteB,Brollan,76561198138828475,t,"",2,5
0,-849.16406,414.3186,-215.96875,100.0,TMain,xertioN,76561198193174134,t,ct,0,1,99,generic,t,31661,807.576,468.3648,-211.96875,100,Tunnels,NAF,76561198001151695,ct,inferno,1,6
0,-849.08514,413.27393,-215.96875,100.0,TMain,xertioN,76561198193174134,t,ct,0,2,97,generic,t,31674,805.15076,435.59924,-211.96875,99,Tunnels,NAF,76561198001151695,ct,inferno,2,6
64,457.60565,-102.828064,-141.96875,100.0,BombsiteA,NertZ,76561198053126645,ct,ct,0,1,99,generic,t,31753,-873.96826,614.2128,-215.96875,100,TMain,torzsi,76561198355739212,t,smokegrenade,1,6
0,-871.1196,613.94836,-215.96875,99.0,TMain,torzsi,76561198355739212,t,ct,0,450,0,head,t,32074,158.20786,364.88065,-215.96875,100,BombsiteA,ultimate,76561198283989223,ct,awp,100,6
0,-649.09796,305.34222,-215.96875,100.0,TMain,xertioN,76561198193174134,t,ct,0,35,65,chest,t,32170,-322.8075,689.9678,-171.96875,100,BombsiteA,siuhy,76561198150673360,ct,ak47,35,6
0,-647.75415,304.9982,-215.96875,100.0,TMain,xertioN,76561198193174134,t,ct,0,35,30,chest,t,32176,-327.00256,689.36926,-171.96875,65,BombsiteA,siuhy,76561198150673360,ct,ak47,35,6
0,-646.02637,303.61517,-215.96875,100.0,TMain,xertioN,76561198193174134,t,ct,0,35,0,right_arm,t,32183,-322.68286,685.34784,-171.96875,30,BombsiteA,siuhy,76561198150673360,ct,ak47,30,6
98,-537.20917,-390.10516,-213.46875,100.0,LongDog,Spinx,76561198063336407,t,ct,2,17,83,chest,t,32355,130.68651,217.19374,-215.96875,100,BombsiteA,NertZ,76561198053126645,ct,ak47,17,6
98,-537.20917,-390.10516,-213.46875,100.0,LongDog,Spinx,76561198063336407,t,ct,0,92,0,head,t,32361,124.54795,216.90887,-215.96875,83,BombsiteA,NertZ,76561198053126645,ct,ak47,83,6
99,-159.08612,137.51631,-215.96875,97.0,ElectricalBox,NAF,76561198001151695,ct,ct,1,23,77,chest,t,32478,-454.41223,-245.78241,-215.96875,100,LongDog,Spinx,76561198063336407,t,fiveseven,23,6
0,-442.44244,-257.94897,-215.96875,77.0,LongDog,Spinx,76561198063336407,t,ct,0,15,82,right_arm,t,32500,-118.30127,103.97474,-215.96875,97,ElectricalBox,NAF,76561198001151695,ct,ak47,15,6
0,-410.12964,-284.06805,-214.75452,77.0,LongDog,Spinx,76561198063336407,t,ct,0,14,68,chest,t,32564,-150.16968,131.58928,-215.96875,82,ElectricalBox,NAF,76561198001151695,ct,ak47,14,6
0,-408.9878,-286.17273,-214.33362,77.0,LongDog,Spinx,76561198063336407,t,ct,0,44,24,stomach,t,32577,-157.77148,137.74745,-215.96875,68,ElectricalBox,NAF,76561198001151695,ct,ak47,44,6
0,-411.05774,-286.09082,-214.34998,77.0,LongDog,Spinx,76561198063336407,t,ct,0,35,0,right_arm,t,32583,-152.71106,134.76253,-215.96875,24,ElectricalBox,NAF,76561198001151695,ct,ak47,24,6
94,340.46313,-224.7102,-215.96875,100.0,BombsiteA,Twistzz,76561198016255205,ct,ct,5,24,53,chest,t,32652,-426.50482,-176.1377,-215.96875,77,LongDog,Spinx,76561198063336407,t,m4a1,24,6
100,-426.5426,-173.71606,-215.96875,53.0,LongDog,Spinx,76561198063336407,t,ct,0,139,0,head,t,32657,340.60425,-222.31201,-215.96875,100,BombsiteA,Twistzz,76561198016255205,ct,ak47,100,6
87,177.57726,-270.19897,-215.96875,100.0,BombsiteA,NertZ,76561198053126645,ct,ct,7,10,90,generic,t,34735,-794.19965,571.04407,-215.96875,100,TMain,Spinx,76561198063336407,t,hegrenade,10,7
87,1627.6578,-538.9036,-252.96875,100.0,CTSpawn,siuhy,76561198150673360,ct,ct,0,1,89,generic,t,34796,-583.8809,504.11575,-215.96875,90,TMain,Spinx,76561198063336407,t,smokegrenade,1,7
78,-966.47235,-508.6109,6.8166366,100.0,TSideUpper,xertioN,76561198193174134,t,ct,22,34,66,generic,t,35011,-757.9389,-908.4075,-218.06616,100,BackofB,Twistzz,76561198016255205,ct,hegrenade,34,7
86,-556.7019,-885.7826,-318.96875,66.0,BackofB,Twistzz,76561198016255205,ct,ct,3,5,95,generic,t,35107,-1255.6163,-553.4055,-88.96875,100,LongDog,xertioN,76561198193174134,t,hegrenade,5,7
97,-293.80707,648.3572,-171.96875,89.0,BombsiteA,Spinx,76561198063336407,t,ct,3,27,73,chest,t,35154,-139.10553,352.12537,-215.96875,100,BombsiteA,NertZ,76561198053126645,ct,ak47,27,7
97,-297.27466,646.67523,-171.96875,89.0,BombsiteA,Spinx,76561198063336407,t,ct,0,142,0,head,t,35167,-140.0719,355.98236,-215.96875,73,BombsiteA,NertZ,76561198053126645,ct,ak47,73,7
56,920.3888,210.41652,-211.96875,100.0,Tunnels,NAF,76561198001151695,ct,ct,31,46,43,generic,t,35380,-275.0318,626.0818,-178.20312,89,BombsiteA,Spinx,76561198063336407,t,hegrenade,46,7
64,920.3888,210.41652,-211.96875,100.0,Tunnels,NAF,76561198001151695,ct,ct,0,0,100,generic,t,35380,-310.80115,340.86566,-215.96875,100,BombsiteA,torzsi,76561198355739212,t,hegrenade,0,7
32,373.11282,213.55742,-215.96875,100.0,BombsiteA,siuhy,76561198150673360,ct,ct,24,36,7,generic,t,35427,-275.03174,600.8151,-215.96875,43,BombsiteA,Spinx,76561198063336407,t,hegrenade,36,7
90,373.11282,213.55742,-215.96875,100.0,BombsiteA,siuhy,76561198150673360,ct,ct,0,1,99,generic,t,35427,-634.9455,420.68237,-215.96875,100,TMain,Jimpphat,76561198855375325,t,hegrenade,1,7
64,373.11282,213.55742,-215.96875,100.0,BombsiteA,siuhy,76561198150673360,ct,ct,0,0,100,generic,t,35427,-334.79163,283.25424,-215.96875,100,BombsiteA,torzsi,76561198355739212,t,hegrenade,0,7
32,271.59796,471.78693,-215.96875,100.0,BombsiteA,siuhy,76561198150673360,ct,ct,0,1,6,generic,t,35524,-246.75867,525.56866,-215.96875,7,BombsiteA,Spinx,76561198063336407,t,inferno,1,7
96,-87.4483,629.8629,-215.96875,6.0,BombsiteA,Spinx,76561198063336407,t,ct,4,27,73,right_arm,t,35627,215.55089,557.6078,-215.96875,100,BombsiteA,siuhy,76561198150673360,ct,ak47,27,7
96,-84.66504,623.4301,-215.96875,6.0,BombsiteA,Spinx,76561198063336407,t,ct,0,142,0,head,t,35640,213.06041,557.97644,-215.96875,73,BombsiteA,siuhy,76561198150673360,ct,ak47,73,7
99,-448.02124,124.50776,-215.96875,100.0,BombsiteA,torzsi,76561198355739212,t,ct,1,136,0,stomach,t,35736,897.0459,258.0914,-211.96875,100,Tunnels,NAF,76561198001151695,ct,awp,100,7
31,864.8754,522.19196,-211.96875,100.0,Tunnels,ultimate,76561198283989223,ct,ct,1,110,0,chest,t,36017,290.95193,556.4949,-215.96875,6,BombsiteA,Spinx,76561198063336407,t,awp,6,7
97,-479.13428,9.86982,-215.96875,100.0,BombsiteA,Brollan,76561198138828475,t,ct,3,26,74,chest,t,36145,929.92456,172.86987,-163.01562,100,Tunnels,ultimate,76561198283989223,ct,ak47,26,7
94,-309.07397,55.68993,-215.96875,99.0,BombsiteA,Jimpphat,76561198855375325,t,ct,3,26,48,right_arm,t,36151,928.26953,150.4978,-176.35938,74,Tunnels,ultimate,76561198283989223,ct,ak47,26,7
91,-479.1612,9.147851,-215.96875,100.0,BombsiteA,Brollan,76561198138828475,t,ct,3,26,22,chest,t,36152,927.9026,146.76512,-179.26562,48,Tunnels,ultimate,76561198283989223,ct,ak47,26,7
88,-307.00977,55.340836,-215.96875,99.0,BombsiteA,Jimpphat,76561198855375325,t,ct,3,26,0,right_arm,t,36163,924.53375,112.335915,-211.96875,22,Tunnels,ultimate,76561198283989223,ct,ak47,22,7
46,857.86206,-1033.0038,-301.96875,66.0,BombsiteB,Twistzz,76561198016255205,ct,ct,18,86,14,head,t,36704,532.4465,-562.4259,-210.13342,100,Connector,torzsi,76561198355739212,t,m4a1,86,7
40,857.86206,-1033.0038,-301.96875,66.0,BombsiteB,Twistzz,76561198016255205,ct,ct,6,30,0,stomach,t,36711,536.53094,-562.671,-210.13342,14,Connector,torzsi,76561198355739212,t,m4a1,14,7
75,-239.57495,-1435.7496,-350.96875,95.0,BombsiteB,xertioN,76561198193174134,t,ct,3,27,39,chest,t,37452,488.41034,-1457.2042,-350.96875,66,BombsiteB,Twistzz,76561198016255205,ct,ak47,27,7
81,488.41034,-1457.2042,-350.96875,66.0,BombsiteB,Twistzz,76561198016255205,ct,ct,5,24,71,chest,t,37452,-239.57495,-1435.7496,-350.96875,95,BombsiteB,xertioN,76561198193174134,t,m4a1,24,7
63,487.42163,-1447.5569,-350.96875,39.0,BombsiteB,Twistzz,76561198016255205,ct,ct,18,84,0,head,t,37465,-238.04779,-1442.1528,-350.96875,71,BombsiteB,xertioN,76561198193174134,t,m4a1,71,7
95,591.9694,-886.03125,-318.96875,39.0,BombsiteB,Twistzz,76561198016255205,ct,ct,0,24,76,right_leg,t,38544,-746.00214,-892.4555,-226.89117,100,BackofB,Brollan,76561198138828475,t,m4a1,24,7
79,591.9694,-886.03125,-318.96875,39.0,BombsiteB,Twistzz,76561198016255205,ct,ct,16,78,0,head,t,38551,-741.83484,-890.61554,-229.9721,76,BackofB,Brollan,76561198138828475,t,m4a1,76,7
82,,,,,,,,,ct,8,8,91,generic,t,39433,-761.4581,1126.7872,-215.96875,99,TMain,Jimpphat,76561198855375325,t,"",8,7
68,,,,,,,,,ct,7,7,32,generic,t,39433,55.505016,-1645.969,-318.96875,39,BombsiteB,Twistzz,76561198016255205,ct,"",7,7
0,-363.69885,1373.7543,-107.96875,100.0,Dumpster,Jimpphat,76561198855375325,t,ct,0,2,98,generic,t,44117,880.4325,183.65504,-211.96875,100,Tunnels,NAF,76561198001151695,ct,smokegrenade,2,8
99,-535.84985,421.46722,-215.96875,100.0,TMain,torzsi,76561198355739212,t,ct,1,111,0,right_arm,t,44207,-345.22693,107.48407,-215.96875,100,BombsiteA,siuhy,76561198150673360,ct,awp,100,8
96,690.5609,-48.238525,-215.96875,100.0,BombsiteA,ultimate,76561198283989223,ct,ct,4,132,0,head,t,44464,-465.18823,129.11198,-215.96875,100,BombsiteA,torzsi,76561198355739212,t,deagle,100,8
97,-440.0033,132.10559,-215.96875,100.0,BombsiteA,Brollan,76561198138828475,t,ct,3,26,74,chest,t,44602,656.1572,7.65404,-215.96875,100,BombsiteA,ultimate,76561198283989223,ct,ak47,26,8
93,-440.0033,132.10559,-215.96875,100.0,BombsiteA,Brollan,76561198138828475,t,ct,4,33,41,stomach,t,44609,656.432,10.089387,-215.96875,74,BombsiteA,ultimate,76561198283989223,ct,ak47,33,8
89,-440.00244,132.11258,-215.96875,100.0,BombsiteA,Brollan,76561198138828475,t,ct,4,33,8,stomach,t,44615,656.64844,12.007122,-215.96875,41,BombsiteA,ultimate,76561198283989223,ct,ak47,33,8
96,-96.326965,686.7084,-171.96875,100.0,BombsiteA,xertioN,76561198193174134,t,ct,4,6,94,generic,t,44649,157.37733,244.08444,-215.96875,100,BombsiteA,NertZ,76561198053126645,ct,hegrenade,6,8
100,-96.326965,686.7084,-171.96875,100.0,BombsiteA,xertioN,76561198193174134,t,ct,0,1,99,generic,t,44649,-96.326965,686.7084,-171.96875,100,BombsiteA,xertioN,76561198193174134,t,hegrenade,1,8
0,-429.53046,142.16788,-215.96875,100.0,BombsiteA,Brollan,76561198138828475,t,ct,0,34,64,right_arm,t,44653,659.4823,-42.071533,-215.96875,98,BombsiteA,NAF,76561198001151695,ct,ak47,34,8
100,660.5672,-38.5307,-215.96875,64.0,BombsiteA,NAF,76561198001151695,ct,ct,0,18,82,chest,t,44660,-429.00897,143.7735,-215.96875,100,BombsiteA,Brollan,76561198138828475,t,fiveseven,18,8
0,-427.5677,151.7874,-215.96875,82.0,BombsiteA,Brollan,76561198138828475,t,ct,0,34,30,chest,t,44672,659.27716,-50.005737,-215.96875,64,BombsiteA,NAF,76561198001151695,ct,ak47,34,8
97,303.94858,-406.9782,-217.40784,100.0,Connector,Twistzz,76561198016255205,ct,ct,3,26,56,chest,t,44673,-427.4325,152.5349,-215.96875,82,BombsiteA,Brollan,76561198138828475,t,ak47,26,8
85,-113.108765,681.9044,-171.96875,99.0,BombsiteA,xertioN,76561198193174134,t,ct,4,33,0,stomach,t,44692,661.20844,55.947483,-215.96875,8,BombsiteA,ultimate,76561198283989223,ct,ak47,8,8
97,347.55878,-291.63983,-215.96875,100.0,Connector,Twistzz,76561198016255205,ct,ct,3,26,74,chest,t,44770,-460.74182,-208.30151,-215.96875,100,LongDog,Spinx,76561198063336407,t,ak47,26,8
92,-372.6089,126.76311,-215.96875,56.0,BombsiteA,Brollan,76561198138828475,t,ct,4,27,67,chest,t,44775,-129.1604,66.0106,-215.96875,94,ElectricalBox,NertZ,76561198053126645,ct,ak47,27,8
65,-460.97864,-211.38647,-215.96875,74.0,LongDog,Spinx,76561198063336407,t,ct,3,26,74,right_arm,t,44778,347.24142,-294.68262,-215.96875,100,Connector,Twistzz,76561198016255205,ct,ak47,26,8
65,-460.93982,-210.97278,-215.96875,74.0,LongDog,Spinx,76561198063336407,t,ct,0,139,0,head,t,44784,347.3251,-293.90308,-215.96875,74,Connector,Twistzz,76561198016255205,ct,ak47,74,8
100,677.7486,-89.51495,-215.96875,30.0,BombsiteA,NAF,76561198001151695,ct,ct,0,15,84,right_leg,t,44784,-96.950134,689.07794,-171.96875,99,BombsiteA,xertioN,76561198193174134,t,fiveseven,15,8
88,-366.17645,104.89939,-215.96875,56.0,BombsiteA,Brollan,76561198138828475,t,ct,4,27,40,chest,t,44795,-129.76758,80.31539,-215.96875,67,ElectricalBox,NertZ,76561198053126645,ct,ak47,27,8
96,-129.76758,80.31539,-215.96875,67.0,ElectricalBox,NertZ,76561198053126645,ct,ct,1,26,30,chest,t,44795,-366.17645,104.89939,-215.96875,56,BombsiteA,Brollan,76561198138828475,t,fiveseven,26,8
84,-365.06763,101.929886,-215.96875,30.0,BombsiteA,Brollan,76561198138828475,t,ct,4,27,13,right_arm,t,44801,-130.54651,75.50152,-215.96875,40,ElectricalBox,NertZ,76561198053126645,ct,ak47,27,8
91,-130.7785,73.94344,-215.96875,13.0,ElectricalBox,NertZ,76561198053126645,ct,ct,5,106,0,head,t,44804,-365.05237,101.52441,-215.96875,30,BombsiteA,Brollan,76561198138828475,t,fiveseven,30,8
100,706.98914,-0.10784912,-215.96875,30.0,BombsiteA,NAF,76561198001151695,ct,ct,0,15,69,right_leg,t,44814,-84.145996,686.4807,-171.96875,84,BombsiteA,xertioN,76561198193174134,t,fiveseven,15,8
0,-457.67224,-221.7951,-215.96875,74.0,LongDog,Spinx,76561198063336407,t,ct,0,42,0,stomach,t,44888,643.9323,251.57133,-215.96875,30,BombsiteA,NAF,76561198001151695,ct,ak47,30,8
81,-469.17163,155.35547,-215.96875,100.0,BombsiteA,Jimpphat,76561198855375325,t,ct,3,27,0,chest,t,44931,-143.96881,30.685755,-215.96875,13,ElectricalBox,NertZ,76561198053126645,ct,ak47,13,8
81,1139.7858,727.7796,-211.56244,100.0,Ivy,NAF,76561198001151695,ct,ct,1,81,19,right_arm,t,47725,1023.55164,1460.0834,-214.96875,100,Ivy,Jimpphat,76561198855375325,t,awp,81,9
96,1030.5543,1460.371,-214.96875,19.0,Ivy,Jimpphat,76561198855375325,t,ct,4,33,67,stomach,t,47730,1140.3402,727.79285,-211.5227,100,Ivy,NAF,76561198001151695,ct,ak47,33,9
96,979.14417,1469.5504,-215.96875,19.0,Ivy,Jimpphat,76561198855375325,t,ct,0,1,66,generic,t,47966,1221.5673,556.4083,-160.10938,67,Tunnels,NAF,76561198001151695,ct,inferno,1,9
97,-792.0445,-1672.9497,-153.96875,100.0,BackofB,xertioN,76561198193174134,t,ct,3,27,73,chest,t,50390,-472.38672,-1709.9163,-166.96875,100,BombsiteB,Twistzz,76561198016255205,ct,ak47,27,9
95,-471.91284,-1712.9799,-166.96875,73.0,BombsiteB,Twistzz,76561198016255205,ct,ct,5,25,75,left_arm,t,50402,-792.2025,-1674.7058,-153.96875,100,BackofB,xertioN,76561198193174134,t,m4a1,25,9
76,-470.93445,-1706.9521,-166.96875,73.0,BombsiteB,Twistzz,76561198016255205,ct,ct,19,88,0,head,t,50408,-792.12604,-1673.8292,-153.96875,75,BackofB,xertioN,76561198193174134,t,m4a1,75,9
92,-469.92395,-1699.2471,-166.96875,73.0,BombsiteB,Twistzz,76561198016255205,ct,ct,5,25,75,chest,t,50421,-965.31757,-1674.0024,-153.96875,100,BackofB,Spinx,76561198063336407,t,m4a1,25,9
93,-967.21655,-1682.1829,-153.96875,75.0,BackofB,Spinx,76561198063336407,t,ct,4,34,39,stomach,t,50435,-468.58606,-1690.7656,-166.96875,73,BombsiteB,Twistzz,76561198016255205,ct,ak47,34,9
90,-967.38477,-1686.6838,-153.96875,75.0,BackofB,Spinx,76561198063336407,t,ct,3,27,12,left_arm,t,50442,-467.89685,-1685.6207,-166.96875,39,BombsiteB,Twistzz,76561198016255205,ct,ak47,27,9
92,-467.89685,-1685.6207,-166.96875,39.0,BombsiteB,Twistzz,76561198016255205,ct,ct,0,26,49,right_leg,t,50442,-967.38477,-1686.6838,-153.96875,75,BackofB,Spinx,76561198063336407,t,m4a1,26,9
87,-967.4196,-1688.5598,-153.96875,49.0,BackofB,Spinx,76561198063336407,t,ct,3,27,0,chest,t,50448,-467.73737,-1680.6255,-166.96875,12,BombsiteB,Twistzz,76561198016255205,ct,ak47,12,9
86,58.852013,-1287.1642,-275.8813,100.0,BombsiteB,NertZ,76561198053126645,ct,ct,6,31,18,stomach,t,51016,-80.08862,-1614.5061,-257.96875,49,BombsiteB,Spinx,76561198063336407,t,m4a1,31,9
80,58.0265,-1287.0956,-275.8814,100.0,BombsiteB,NertZ,76561198053126645,ct,ct,6,31,0,stomach,t,51022,-58.858643,-1619.6931,-298.98438,18,BombsiteB,Spinx,76561198063336407,t,m4a1,18,9
97,-461.66193,-1537.1556,-170.68225,100.0,BombsiteB,Brollan,76561198138828475,t,ct,3,27,73,chest,t,51096,81.10549,-1340.9315,-275.96875,100,BombsiteB,NertZ,76561198053126645,ct,ak47,27,9
93,-459.69745,-1542.9725,-170.35913,100.0,BombsiteB,Brollan,76561198138828475,t,ct,4,34,39,stomach,t,51109,77.64066,-1328.6605,-275.96875,73,BombsiteB,NertZ,76561198053126645,ct,ak47,34,9
95,77.92393,-1329.365,-275.96875,39.0,BombsiteB,NertZ,76561198053126645,ct,ct,5,24,76,chest,t,51111,-459.542,-1543.3834,-170.3363,100,BombsiteB,Brollan,76561198138828475,t,m4a1,24,9
89,-458.92493,-1545.0033,-169.6529,76.0,BombsiteB,Brollan,76561198138828475,t,ct,4,34,5,stomach,t,51115,78.98196,-1332.0958,-275.96875,39,BombsiteB,NertZ,76561198053126645,ct,ak47,34,9
90,79.49733,-1333.4338,-275.96875,5.0,BombsiteB,NertZ,76561198053126645,ct,ct,5,24,52,chest,t,51117,-459.17932,-1544.3389,-170.2832,76,BombsiteB,Brollan,76561198138828475,t,m4a1,24,9
85,-458.82184,-1545.2681,-169.64026,52.0,BombsiteB,Brollan,76561198138828475,t,ct,4,34,0,stomach,t,51122,80.37661,-1335.7157,-275.96875,5,BombsiteB,NertZ,76561198053126645,ct,ak47,5,9
89,695.50775,-731.8634,-215.32715,100.0,Connector,ultimate,76561198283989223,ct,ct,1,108,0,chest,t,51155,-464.01013,-1537.8452,-170.64398,52,BombsiteB,Brollan,76561198138828475,t,awp,52,9
99,1046.7458,-1450.6718,-317.96875,66.0,BombsiteB,NAF,76561198001151695,ct,ct,1,108,0,chest,t,51609,-455.00244,-1045.1727,-350.96875,100,BombsiteB,torzsi,76561198355739212,t,awp,100,9
77,734.41504,-1025.2704,-172.7627,100.0,BombsiteB,siuhy,76561198150673360,ct,ct,4,22,0,chest,t,51769,-684.1762,-833.41815,-272.6001,19,BackofB,Jimpphat,76561198855375325,t,m4a1,19,9
95,-872.644,613.4043,-215.96875,100.0,TMain,torzsi,76561198355739212,t,ct,1,108,0,chest,t,53927,928.5164,182.65512,-211.96875,100,Tunnels,NAF,76561198001151695,ct,awp,100,10
99,-3.0228882,-121.33185,-215.96875,100.0,BombsiteA,siuhy,76561198150673360,ct,ct,1,1,99,generic,t,53936,-872.16766,615.3681,-215.96875,100,TMain,torzsi,76561198355739212,t,hegrenade,1,10
92,-753.8398,1028.3813,-215.96875,100.0,TMain,xertioN,76561198193174134,t,ct,8,12,88,generic,t,54507,-639.5581,547.01917,-215.96875,100,TMain,siuhy,76561198150673360,ct,hegrenade,12,10
97,1182.4752,663.47424,-211.96875,100.0,Ivy,Jimpphat,76561198855375325,t,ct,3,26,74,chest,t,54833,665.53656,13.000947,-215.96875,100,BombsiteA,ultimate,76561198283989223,ct,ak47,26,10
100,-475.62732,-1721.5408,-166.96875,100.0,BombsiteB,Spinx,76561198063336407,t,ct,0,139,0,head,t,55246,-395.9135,-965.10596,-318.96875,100,BombsiteB,Twistzz,76561198016255205,ct,ak47,100,10
89,-535.8421,1398.1351,-210.63342,100.0,Dumpster,Jimpphat,76561198855375325,t,ct,3,27,61,chest,t,55672,-787.10364,966.7685,-214.96875,88,TMain,siuhy,76561198150673360,ct,ak47,27,10
89,-537.092,1398.5132,-210.63342,100.0,Dumpster,Jimpphat,76561198855375325,t,ct,0,141,0,head,t,55678,-789.0528,972.0567,-214.96875,61,TMain,siuhy,76561198150673360,ct,ak47,61,10
99,1132.593,1465.7596,-214.96875,99.0,Ivy,torzsi,76561198355739212,t,ct,1,110,0,chest,t,56350,1057.5692,589.1161,-211.96875,100,Tunnels,NertZ,76561198053126645,ct,awp,100,10
94,-300.08777,203.14214,-37.96875,100.0,BombsiteA,xertioN,76561198193174134,t,ct,3,26,48,right_arm,t,57620,849.72986,138.35667,-211.96875,74,Tunnels,ultimate,76561198283989223,ct,ak47,26,10
99,849.72986,138.35667,-211.96875,74.0,Tunnels,ultimate,76561198283989223,ct,ct,1,136,0,stomach,t,57620,-300.08777,203.14214,-37.96875,100,BombsiteA,xertioN,76561198193174134,t,awp,100,10
91,-8.88385,-69.80304,-215.96875,100.0,BombsiteA,Brollan,76561198138828475,t,ct,3,26,22,chest,t,57748,812.7774,161.73651,-211.96875,48,Tunnels,ultimate,76561198283989223,ct,ak47,26,10
88,-9.144775,-68.81915,-215.96875,100.0,BombsiteA,Brollan,76561198138828475,t,ct,3,26,0,chest,t,57754,810.5741,164.69022,-211.96875,22,Tunnels,ultimate,76561198283989223,ct,ak47,22,10
81,-713.6304,835.03046,-215.96875,100.0,TMain,Jimpphat,76561198855375325,t,ct,19,29,71,generic,t,62271,-246.16968,-140.00616,-215.96875,100,BombsiteA,siuhy,76561198150673360,ct,hegrenade,29,11
82,-713.6304,835.03046,-215.96875,100.0,TMain,Jimpphat,76561198855375325,t,ct,18,28,72,generic,t,62271,-175.5362,-158.4054,-215.96875,100,BombsiteA,ultimate,76561198283989223,ct,hegrenade,28,11
82,-820.7241,689.39777,-215.96875,100.0,TMain,xertioN,76561198193174134,t,ct,0,1,71,generic,t,62333,-333.2865,-191.52588,-215.96875,72,LongDog,ultimate,76561198283989223,ct,inferno,1,11
81,-820.7241,689.39777,-215.96875,100.0,TMain,xertioN,76561198193174134,t,ct,0,1,70,generic,t,62333,-396.9087,-182.71802,-215.96875,71,LongDog,siuhy,76561198150673360,ct,inferno,1,11
82,-808.8066,672.3371,-215.96875,100.0,TMain,xertioN,76561198193174134,t,ct,0,2,69,generic,t,62346,-364.6787,-193.7201,-215.96875,71,LongDog,ultimate,76561198283989223,ct,inferno,2,11
81,-808.8066,672.3371,-215.96875,100.0,TMain,xertioN,76561198193174134,t,ct,0,2,68,generic,t,62346,-433.51166,-206.62311,-215.96875,70,LongDog,siuhy,76561198150673360,ct,inferno,2,11
82,-808.6511,672.1262,-215.96875,100.0,TMain,xertioN,76561198193174134,t,ct,0,3,66,generic,t,62359,-393.89453,-206.14172,-215.96875,69,LongDog,ultimate,76561198283989223,ct,inferno,3,11
81,-808.6511,672.1262,-215.96875,100.0,TMain,xertioN,76561198193174134,t,ct,0,3,65,generic,t,62359,-442.78137,-242.93207,-215.96875,68,LongDog,siuhy,76561198150673360,ct,inferno,3,11
82,-823.39734,695.1597,-215.96875,100.0,TMain,xertioN,76561198193174134,t,ct,0,4,62,generic,t,62371,-414.65137,-236.36426,-215.96875,66,LongDog,ultimate,76561198283989223,ct,inferno,4,11
81,-823.39734,695.1597,-215.96875,100.0,TMain,xertioN,76561198193174134,t,ct,0,4,61,generic,t,62371,-428.04077,-278.06653,-215.56897,65,LongDog,siuhy,76561198150673360,ct,inferno,4,11
82,-833.7098,711.5031,-215.96875,100.0,TMain,xertioN,76561198193174134,t,ct,0,4,58,generic,t,62384,-413.6543,-281.36353,-215.29541,62,LongDog,ultimate,76561198283989223,ct,inferno,4,11
81,-833.7098,711.5031,-215.96875,100.0,TMain,xertioN,76561198193174134,t,ct,0,4,57,generic,t,62384,-425.37152,-323.48444,-213.96753,61,LongDog,siuhy,76561198150673360,ct,inferno,4,11
82,-835.16064,713.8021,-215.96875,100.0,TMain,xertioN,76561198193174134,t,ct,0,5,53,generic,t,62397,-408.70044,-316.53174,-213.96753,58,LongDog,ultimate,76561198283989223,ct,inferno,5,11
81,-835.16064,713.8021,-215.96875,100.0,TMain,xertioN,76561198193174134,t,ct,0,5,52,generic,t,62397,-452.03827,-357.23175,-214.96875,57,LongDog,siuhy,76561198150673360,ct,inferno,5,11
82,-839.73535,711.1296,-215.96875,100.0,TMain,xertioN,76561198193174134,t,ct,0,6,47,generic,t,62410,-433.72192,-328.14258,-213.96753,53,LongDog,ultimate,76561198283989223,ct,inferno,6,11
81,-839.73535,711.1296,-215.96875,100.0,TMain,xertioN,76561198193174134,t,ct,0,6,46,generic,t,62410,-495.65503,-373.5735,-214.96875,52,LongDog,siuhy,76561198150673360,ct,inferno,6,11
82,-841.1322,703.83075,-215.96875,100.0,TMain,xertioN,76561198193174134,t,ct,0,7,40,generic,t,62423,-443.97046,-333.00696,-214.96875,47,LongDog,ultimate,76561198283989223,ct,inferno,7,11
81,-841.1322,703.83075,-215.96875,100.0,TMain,xertioN,76561198193174134,t,ct,0,7,39,generic,t,62423,-544.14636,-372.7019,-213.46875,46,LongDog,siuhy,76561198150673360,ct,inferno,7,11
82,-831.5672,686.1857,-215.96875,100.0,TMain,xertioN,76561198193174134,t,ct,0,8,32,generic,t,62435,-450.64148,-349.43018,-214.96875,40,LongDog,ultimate,76561198283989223,ct,inferno,8,11
82,-829.9435,683.1634,-215.96875,100.0,TMain,xertioN,76561198193174134,t,ct,0,8,24,generic,t,62448,-483.00146,-362.92084,-214.96875,32,LongDog,ultimate,76561198283989223,ct,inferno,8,11
82,-829.5512,682.50714,-215.96875,100.0,TMain,xertioN,76561198193174134,t,ct,0,8,16,generic,t,62461,-529.23157,-367.1454,-213.69055,24,LongDog,ultimate,76561198283989223,ct,inferno,8,11
79,-1323.0354,-390.73743,-128.1803,100.0,LongDog,Spinx,76561198063336407,t,ct,3,27,0,chest,t,62511,-712.2534,-358.43762,-213.46875,16,LongDog,ultimate,76561198283989223,ct,ak47,16,11
96,-862.29224,-379.01227,-213.46875,39.0,LongDog,siuhy,76561198150673360,ct,ct,4,13,87,chest,t,62519,-1323.1423,-392.05103,-127.24805,100,LongDog,Spinx,76561198063336407,t,mp9,13,11
92,-868.1731,-381.41144,-213.46875,39.0,LongDog,siuhy,76561198150673360,ct,ct,4,13,74,right_arm,t,62523,-1323.097,-393.02405,-126.557556,87,LongDog,Spinx,76561198063336407,t,mp9,13,11
88,-872.81384,-381.96655,-213.46875,39.0,LongDog,siuhy,76561198150673360,ct,ct,4,13,61,chest,t,62528,-1323.0211,-394.49744,-125.5119,74,LongDog,Spinx,76561198063336407,t,mp9,13,11
84,-874.6493,-381.40967,-213.46875,39.0,LongDog,siuhy,76561198150673360,ct,ct,4,13,48,chest,t,62532,-1322.9724,-395.43158,-124.84894,61,LongDog,Spinx,76561198063336407,t,mp9,13,11
77,-1322.933,-396.4807,-124.10437,48.0,LongDog,Spinx,76561198063336407,t,ct,4,34,5,stomach,t,62537,-875.7056,-376.42664,-213.46875,39,LongDog,siuhy,76561198150673360,ct,ak47,34,11
74,-1322.9252,-396.79474,-123.88153,48.0,LongDog,Spinx,76561198063336407,t,ct,3,27,0,chest,t,62543,-876.0031,-378.16608,-213.46875,5,LongDog,siuhy,76561198150673360,ct,ak47,5,11
98,688.2988,164.39874,-215.96875,100.0,BombsiteA,NAF,76561198001151695,ct,ct,2,4,96,generic,t,62702,-533.9582,467.89957,-215.96875,100,TMain,xertioN,76561198193174134,t,hegrenade,4,11
92,703.0266,257.29816,-215.96875,100.0,BombsiteA,NAF,76561198001151695,ct,ct,6,28,68,stomach,t,62740,-501.32263,507.48132,-215.96875,96,TMain,xertioN,76561198193174134,t,m4a1,28,11
88,703.0266,257.29816,-215.96875,100.0,BombsiteA,NAF,76561198001151695,ct,ct,4,22,46,chest,t,62746,-498.41632,511.31247,-215.96875,68,TMain,xertioN,76561198193174134,t,m4a1,22,11
88,140.15807,-27.693298,-160.96875,100.0,BombsiteA,Twistzz,76561198016255205,ct,ct,0,1,45,generic,t,62747,-498.26282,511.77435,-215.96875,46,TMain,xertioN,76561198193174134,t,hegrenade,1,11
82,703.0025,257.1861,-215.96875,100.0,BombsiteA,NAF,76561198001151695,ct,ct,6,28,17,stomach,t,62752,-497.57428,513.42194,-215.96875,45,TMain,xertioN,76561198193174134,t,m4a1,28,11
76,702.7578,256.04865,-215.96875,100.0,BombsiteA,NAF,76561198001151695,ct,ct,6,28,0,stomach,t,62759,-495.79907,514.8195,-215.96875,17,TMain,xertioN,76561198193174134,t,m4a1,17,11
81,-312.85315,99.12819,-215.96875,100.0,BombsiteA,Twistzz,76561198016255205,ct,ct,19,91,9,head,t,63180,-460.47498,-26.095642,-215.96875,100,BombsiteA,Brollan,76561198138828475,t,m4a1,91,11
77,-310.76172,100.12565,-215.96875,100.0,BombsiteA,Twistzz,76561198016255205,ct,ct,4,22,0,left_arm,t,63191,-461.0321,-12.787415,-215.96875,9,BombsiteA,Brollan,76561198138828475,t,m4a1,9,11
100,-475.0957,260.20865,-215.96875,100.0,BombsiteA,Jimpphat,76561198855375325,t,ct,0,142,0,head,t,63346,-373.6275,94.41287,-215.96875,100,BombsiteA,Twistzz,76561198016255205,ct,ak47,100,11
95,-94.520325,-181.10132,-215.96875,100.0,BombsiteA,NertZ,76561198053126645,ct,ct,5,24,76,chest,t,63420,-431.6056,197.31516,-215.96875,100,BombsiteA,Jimpphat,76561198855375325,t,m4a1,24,11
90,-91.17578,-178.35565,-215.96875,100.0,BombsiteA,NertZ,76561198053126645,ct,ct,5,24,52,chest,t,63427,-428.35034,190.13033,-215.96875,76,BombsiteA,Jimpphat,76561198855375325,t,m4a1,24,11
85,-90.377625,-177.68903,-215.96875,100.0,BombsiteA,NertZ,76561198053126645,ct,ct,5,24,28,chest,t,63433,-427.62244,194.8579,-215.96875,52,BombsiteA,Jimpphat,76561198855375325,t,m4a1,24,11
84,-63.10022,-142.83862,-215.96875,100.0,BombsiteA,NertZ,76561198053126645,ct,ct,0,27,21,right_leg,t,63470,-446.56653,0.8534805,-215.96875,48,BombsiteA,Spinx,76561198063336407,t,m4a1,27,11
100,-448.3028,-2.7802734,-215.96875,21.0,BombsiteA,Spinx,76561198063336407,t,ct,0,141,0,head,t,63480,-59.21173,-137.66321,-215.96875,100,BombsiteA,NertZ,76561198053126645,ct,ak47,100,11
100,-583.6612,352.17654,-215.96875,100.0,TMain,torzsi,76561198355739212,t,ct,0,3,97,generic,t,63851,551.46124,683.7966,-215.96875,100,BombsiteA,NAF,76561198001151695,ct,inferno,3,11
100,-590.2684,376.68832,-215.96875,100.0,TMain,torzsi,76561198355739212,t,ct,0,4,93,generic,t,63863,550.74817,685.77264,-215.96875,97,BombsiteA,NAF,76561198001151695,ct,inferno,4,11
81,549.36115,688.8112,-215.96875,93.0,BombsiteA,NAF,76561198001151695,ct,ct,4,23,5,neck,t,63866,-453.2588,234.65797,-215.96875,28,BombsiteA,Jimpphat,76561198855375325,t,m4a1,23,11
97,-453.67975,235.49527,-215.96875,5.0,BombsiteA,Jimpphat,76561198855375325,t,ct,3,26,67,chest,t,63874,548.3284,691.0954,-215.96875,93,BombsiteA,NAF,76561198001151695,ct,ak47,26,11
93,-453.69995,235.53665,-215.96875,5.0,BombsiteA,Jimpphat,76561198855375325,t,ct,4,33,34,stomach,t,63880,547.2189,693.5859,-215.96875,67,BombsiteA,NAF,76561198001151695,ct,ak47,33,11
64,546.826,694.4411,-215.96875,34.0,BombsiteA,NAF,76561198001151695,ct,ct,17,80,0,head,t,63891,-452.72375,233.38588,-215.96875,5,BombsiteA,Jimpphat,76561198855375325,t,m4a1,5,11
67,460.8732,746.2233,-215.96875,34.0,BombsiteA,NAF,76561198001151695,ct,ct,17,80,0,head,t,63968,-171.54205,-188.85864,-215.96875,21,BombsiteA,Spinx,76561198063336407,t,m4a1,21,11
94,-74.48523,-1440.7216,-350.96875,34.0,BombsiteB,NAF,76561198001151695,ct,ct,5,24,76,chest,t,67704,504.07187,-1339.3824,-350.96875,100,BombsiteB,torzsi,76561198355739212,t,m4a1,24,11
92,503.06366,-1335.7903,-350.96875,76.0,BombsiteB,torzsi,76561198355739212,t,ct,1,22,12,right_arm,t,67705,-74.468506,-1440.8279,-350.96875,34,BombsiteB,NAF,76561198001151695,ct,tec9,22,11
89,-74.11035,-1443.0725,-350.96875,12.0,BombsiteB,NAF,76561198001151695,ct,ct,5,24,52,chest,t,67717,502.35565,-1336.0923,-350.96875,76,BombsiteB,torzsi,76561198355739212,t,m4a1,24,11
84,-73.23486,-1447.4977,-350.96875,12.0,BombsiteB,NAF,76561198001151695,ct,ct,5,24,28,chest,t,67730,504.4833,-1348.0037,-350.96875,52,BombsiteB,torzsi,76561198355739212,t,m4a1,24,11
91,504.58548,-1348.6018,-350.96875,28.0,BombsiteB,torzsi,76561198355739212,t,ct,1,28,0,stomach,t,67731,-73.15387,-1447.9259,-350.96875,12,BombsiteB,NAF,76561198001151695,ct,tec9,12,11
100,-563.7266,-871.05457,-318.96875,100.0,BackofB,siuhy,76561198150673360,ct,ct,0,0,100,generic,t,69916,-563.7266,-871.05457,-318.96875,100,BackofB,siuhy,76561198150673360,ct,hegrenade,0,12
83,-499.96826,301.40738,-215.96875,100.0,BombsiteA,ultimate,76561198283989223,ct,ct,17,25,75,generic,t,71703,-886.44824,533.87714,-215.96875,100,TMain,xertioN,76561198193174134,t,hegrenade,25,12
97,-885.06226,538.4876,-215.96875,75.0,TMain,xertioN,76561198193174134,t,ct,3,27,73,chest,t,71758,-548.2762,505.51633,-215.96875,100,TMain,NertZ,76561198053126645,ct,ak47,27,12
94,-885.2315,538.9081,-215.96875,75.0,TMain,xertioN,76561198193174134,t,ct,3,27,46,chest,t,71771,-559.2366,515.27075,-215.96875,73,TMain,NertZ,76561198053126645,ct,ak47,27,12
78,-559.2366,515.27075,-215.96875,73.0,TMain,NertZ,76561198053126645,ct,ct,5,25,50,stomach,t,71771,-885.2315,538.9081,-215.96875,75,TMain,xertioN,76561198193174134,t,famas,25,12
74,-559.45,517.72235,-215.96875,46.0,TMain,NertZ,76561198053126645,ct,ct,4,20,30,chest,t,71776,-885.4321,536.7956,-215.96875,50,TMain,xertioN,76561198193174134,t,famas,20,12
91,-885.46716,536.3896,-215.96875,30.0,TMain,xertioN,76561198193174134,t,ct,3,27,19,chest,t,71777,-559.4905,517.2907,-215.96875,46,TMain,NertZ,76561198053126645,ct,ak47,27,12
70,-559.82117,513.7205,-215.96875,19.0,TMain,NertZ,76561198053126645,ct,ct,4,20,10,chest,t,71782,-885.5193,535.7997,-215.96875,30,TMain,xertioN,76561198193174134,t,famas,20,12
88,-885.5169,535.8471,-215.96875,10.0,TMain,xertioN,76561198193174134,t,ct,3,27,0,right_arm,t,71784,-559.9489,512.274,-215.96875,19,TMain,NertZ,76561198053126645,ct,ak47,19,12
97,-883.7811,539.31946,-215.96875,10.0,TMain,xertioN,76561198193174134,t,ct,3,27,73,right_arm,t,71816,-494.83215,401.44037,-215.96875,100,BombsiteA,ultimate,76561198283989223,ct,ak47,27,12
69,-495.21747,400.34027,-215.96875,73.0,BombsiteA,ultimate,76561198283989223,ct,ct,1,11,0,chest,t,71819,-884.4592,537.22955,-215.96875,10,TMain,xertioN,76561198193174134,t,mag7,10,12
96,1057.4913,384.09186,-211.96875,100.0,Tunnels,Jimpphat,76561198855375325,t,ct,4,27,73,right_arm,t,73091,849.21875,575.8261,-211.96875,100,Tunnels,NAF,76561198001151695,ct,ak47,27,12
92,1049.8148,375.399,-211.96875,100.0,Tunnels,Jimpphat,76561198855375325,t,ct,4,27,46,chest,t,73104,838.2832,563.46906,-211.96875,73,Tunnels,NAF,76561198001151695,ct,ak47,27,12
88,1045.0247,370.32855,-211.96875,100.0,Tunnels,Jimpphat,76561198855375325,t,ct,4,27,19,chest,t,73111,833.75336,558.81586,-211.96875,46,Tunnels,NAF,76561198001151695,ct,ak47,27,12
84,1044.0735,369.35156,-211.96875,100.0,Tunnels,Jimpphat,76561198855375325,t,ct,4,27,0,chest,t,73117,831.2648,555.9836,-211.96875,19,Tunnels,NAF,76561198001151695,ct,ak47,19,12
97,-20.032227,628.67633,-215.96875,73.0,BombsiteA,ultimate,76561198283989223,ct,ct,3,26,74,chest,t,73243,814.42664,556.6015,-211.96875,100,Tunnels,Jimpphat,76561198855375325,t,ak47,26,12
94,-20.129883,627.6331,-215.96875,73.0,BombsiteA,ultimate,76561198283989223,ct,ct,3,26,48,chest,t,73250,813.4618,565.05646,-211.96875,74,Tunnels,Jimpphat,76561198855375325,t,ak47,26,12
91,-20.329163,624.3738,-215.96875,73.0,BombsiteA,ultimate,76561198283989223,ct,ct,3,26,22,chest,t,73262,812.8127,556.6575,-211.96875,48,Tunnels,Jimpphat,76561198855375325,t,ak47,26,12
96,812.7343,555.6573,-211.96875,22.0,Tunnels,Jimpphat,76561198855375325,t,ct,1,10,63,chest,t,73272,-20.347473,623.83044,-215.96875,73,BombsiteA,ultimate,76561198283989223,ct,ak47,10,12
88,-20.306274,624.2423,-215.96875,63.0,BombsiteA,ultimate,76561198283989223,ct,ct,3,26,0,chest,t,73275,812.76624,556.02814,-211.96875,22,Tunnels,Jimpphat,76561198855375325,t,ak47,22,12
81,884.3281,182.16975,-211.96875,100.0,Tunnels,Brollan,76561198138828475,t,ct,15,110,0,head,t,73875,597.39905,25.01549,-215.96875,63,BombsiteA,ultimate,76561198283989223,ct,ak47,63,12
100,902.7974,160.72409,-211.96875,100.0,Tunnels,Brollan,76561198138828475,t,ct,0,1,99,generic,t,74109,575.5817,-301.88348,-207.76868,100,BombsiteA,siuhy,76561198150673360,ct,inferno,1,12
100,905.3579,156.18471,-211.96875,100.0,Tunnels,Brollan,76561198138828475,t,ct,0,2,97,generic,t,74122,548.13574,-261.6136,-212.99536,99,BombsiteA,siuhy,76561198150673360,ct,inferno,2,12
100,907.48474,150.96797,-211.96875,100.0,Tunnels,Brollan,76561198138828475,t,ct,0,3,94,generic,t,74135,533.34644,-225.87457,-215.96875,97,BombsiteA,siuhy,76561198150673360,ct,inferno,3,12
100,909.19794,172.67328,-211.96875,100.0,Tunnels,Brollan,76561198138828475,t,ct,0,4,90,generic,t,74147,500.1214,-211.29956,-215.96875,94,BombsiteA,siuhy,76561198150673360,ct,inferno,4,12
100,909.16113,181.91582,-211.96875,100.0,Tunnels,Brollan,76561198138828475,t,ct,0,4,86,generic,t,74160,454.9978,-207.99902,-215.96875,90,BombsiteA,siuhy,76561198150673360,ct,inferno,4,12
99,158.97614,478.8821,-215.96875,100.0,BombsiteA,torzsi,76561198355739212,t,ct,1,110,0,chest,t,74268,214.0354,-464.87732,-156.45312,86,Connector,siuhy,76561198150673360,ct,awp,86,12
95,1203.9951,-236.48834,-211.96875,100.0,Tunnels,Twistzz,76561198016255205,ct,ct,5,24,76,chest,t,74343,806.9372,160.62946,-197.57812,100,Tunnels,Brollan,76561198138828475,t,m4a1,24,12
89,1197.3647,-235.59137,-211.96875,100.0,Tunnels,Twistzz,76561198016255205,ct,ct,6,31,45,stomach,t,74349,792.4319,149.44653,-176.95312,76,Tunnels,Brollan,76561198138828475,t,m4a1,31,12
80,1218.219,-104.63031,-211.96875,100.0,Tunnels,Twistzz,76561198016255205,ct,ct,4,23,77,chest,t,74468,238.10228,438.4163,-215.96875,100,BombsiteA,torzsi,76561198355739212,t,m4a1,23,12
74,1217.1588,-106.45758,-211.96875,100.0,Tunnels,Twistzz,76561198016255205,ct,ct,6,28,49,stomach,t,74475,238.10228,438.4163,-215.96875,77,BombsiteA,torzsi,76561198355739212,t,m4a1,28,12
70,1217.2224,-106.34216,-211.96875,100.0,Tunnels,Twistzz,76561198016255205,ct,ct,4,23,26,right_arm,t,74481,239.3193,440.57303,-215.96875,49,BombsiteA,torzsi,76561198355739212,t,m4a1,23,12
66,1217.2224,-106.34216,-211.96875,100.0,Tunnels,Twistzz,76561198016255205,ct,ct,4,23,3,right_arm,t,74487,241.85762,445.08856,-215.96875,26,BombsiteA,torzsi,76561198355739212,t,m4a1,23,12
66,1217.2224,-106.34216,-211.96875,100.0,Tunnels,Twistzz,76561198016255205,ct,ct,0,24,0,right_leg,t,74494,244.75967,451.3569,-191.5625,3,BombsiteA,torzsi,76561198355739212,t,m4a1,3,12
100,635.00476,-214.91113,-215.96875,45.0,BombsiteA,Brollan,76561198138828475,t,ct,0,143,0,head,t,74806,678.68365,-120.04285,-215.96875,100,BombsiteA,Twistzz,76561198016255205,ct,ak47,100,12
100,618.52405,1445.3428,-180.14557,100.0,Alley,NAF,76561198001151695,t,ct,0,109,0,head,t,91006,658.3091,1720.5422,-210.96875,100,Ivy,torzsi,76561198355739212,ct,glock,100,13
100,1026.1263,402.76566,-211.96875,100.0,Tunnels,xertioN,76561198193174134,ct,ct,0,95,5,head,t,91599,1114.138,1394.4879,-214.46869,100,Ivy,NAF,76561198001151695,t,elite,95,13
100,1014.1996,403.85138,-211.96875,100.0,Tunnels,xertioN,76561198193174134,ct,ct,0,95,0,head,t,91608,1114.2664,1386.8358,-214.69421,5,Ivy,NAF,76561198001151695,t,elite,5,13
100,-65.46332,-252.27515,-215.96875,100.0,BombsiteA,Brollan,76561198138828475,ct,ct,0,125,0,head,t,91720,-470.61554,-140.33759,-215.96875,100,BombsiteA,ultimate,76561198283989223,t,elite,100,13
95,778.7464,156.28513,-211.96875,100.0,Tunnels,xertioN,76561198193174134,ct,ct,5,15,85,stomach,t,91749,-411.75793,-131.00806,-192.15625,100,BombsiteA,NertZ,76561198053126645,t,elite,15,13
100,-426.69006,-143.61945,-215.96875,85.0,BombsiteA,NertZ,76561198053126645,t,ct,0,106,0,head,t,91767,-49.376465,-206.93292,-215.96875,100,BombsiteA,Brollan,76561198138828475,ct,glock,100,13
100,350.40512,-450.0542,-215.34448,100.0,Connector,Jimpphat,76561198855375325,ct,ct,0,121,0,head,t,92063,-257.95227,4.7216635,-215.96875,100,ElectricalBox,Twistzz,76561198016255205,t,hkp2000,100,13
0,838.0812,557.08905,-211.96875,100.0,Tunnels,Spinx,76561198063336407,ct,ct,0,26,74,chest,t,92138,-584.00305,544.24713,-215.96875,100,TMain,siuhy,76561198150673360,t,hkp2000,26,13
94,-236.44049,-3.4573364,-215.96875,85.0,ElectricalBox,NertZ,76561198053126645,t,ct,6,11,89,chest,t,92180,341.72437,-442.82764,-215.96393,100,Connector,Jimpphat,76561198855375325,ct,glock,11,13
95,338.187,-447.45435,-216.02539,89.0,Connector,Jimpphat,76561198855375325,ct,ct,0,122,0,head,t,92186,-235.53998,-2.2315674,-215.96875,85,ElectricalBox,NertZ,76561198053126645,t,hkp2000,85,13
0,810.49084,585.3224,-211.96875,100.0,Tunnels,Spinx,76561198063336407,ct,ct,0,26,48,chest,t,92247,-596.94446,411.8273,-215.96875,74,TMain,siuhy,76561198150673360,t,hkp2000,26,13
0,-81.002686,-244.96954,-215.96875,100.0,BombsiteA,xertioN,76561198193174134,ct,ct,0,26,22,chest,t,92393,-529.9702,422.6981,-215.96875,48,TMain,siuhy,76561198150673360,t,elite,26,13
0,-228.88086,-257.09576,-215.96875,100.0,BombsiteA,xertioN,76561198193174134,ct,ct,0,117,0,head,t,92517,-395.62585,271.6907,-215.96875,22,BombsiteA,siuhy,76561198150673360,t,elite,22,13
0,0.4392643,-192.10406,-192.10938,100.0,BombsiteA,torzsi,76561198355739212,ct,ct,0,74,26,generic,t,94676,-614.52704,568.25275,-215.96875,100,TMain,ultimate,76561198283989223,t,hegrenade,74,14
0,0.4392643,-192.10406,-192.10938,100.0,BombsiteA,torzsi,76561198355739212,ct,ct,0,11,89,generic,t,94676,-886.0082,450.88803,-215.96875,100,TMain,NertZ,76561198053126645,t,hegrenade,11,14
0,902.4262,149.8948,-211.96875,100.0,Tunnels,xertioN,76561198193174134,ct,ct,0,2,24,generic,t,94687,-615.0049,567.95264,-215.96875,26,TMain,ultimate,76561198283989223,t,smokegrenade,2,14
99,-617.2291,567.5068,-215.96875,24.0,TMain,ultimate,76561198283989223,t,ct,1,37,63,neck,t,94725,-165.07117,-169.20038,-215.96875,100,BombsiteA,torzsi,76561198355739212,ct,deagle,37,14
0,-183.6134,-170.12793,-215.96875,63.0,BombsiteA,torzsi,76561198355739212,ct,ct,0,20,4,chest,t,94736,-626.7743,562.05817,-215.96875,24,TMain,ultimate,76561198283989223,t,mp9,20,14
0,911.26587,203.0314,-211.96875,100.0,Tunnels,xertioN,76561198193174134,ct,ct,0,31,0,right_arm,t,94741,-633.2679,558.8988,-215.96875,4,TMain,ultimate,76561198283989223,t,m4a1,4,14
80,-644.0814,-848.86456,-302.2428,100.0,BackofB,Twistzz,76561198016255205,t,ct,20,36,64,head,t,95555,697.67255,-849.468,-229.96875,100,BombsiteB,xertioN,76561198193174134,ct,glock,36,14
0,697.7328,-845.639,-229.96875,64.0,BombsiteB,xertioN,76561198193174134,ct,ct,0,40,60,stomach,t,95564,-646.0376,-846.965,-300.79663,100,BackofB,Twistzz,76561198016255205,t,m4a1,40,14
0,697.7454,-846.51874,-229.96875,64.0,BombsiteB,xertioN,76561198193174134,ct,ct,0,24,36,right_leg,t,95577,-646.4367,-841.3159,-300.50153,60,BackofB,Twistzz,76561198016255205,t,m4a1,24,14
60,-646.5064,-847.7799,-300.44995,36.0,BackofB,Twistzz,76561198016255205,t,ct,20,36,28,head,t,95584,697.77454,-840.4789,-229.96875,64,BombsiteB,xertioN,76561198193174134,ct,glock,36,14
0,697.757,-843.301,-229.96875,28.0,BombsiteB,xertioN,76561198193174134,ct,ct,0,32,4,chest,t,95603,-646.4735,-856.11804,-300.4743,36,BackofB,Twistzz,76561198016255205,t,m4a1,32,14
0,697.76855,-839.90826,-229.96875,28.0,BombsiteB,xertioN,76561198193174134,ct,ct,0,32,0,chest,t,95622,-646.53735,-846.7531,-300.42712,4,BackofB,Twistzz,76561198016255205,t,m4a1,4,14
0,-244.36267,387.59854,-205.17188,100.0,BombsiteA,Brollan,76561198138828475,ct,ct,0,98,2,head,t,95633,-456.30627,362.19327,-215.96875,100,BombsiteA,siuhy,76561198150673360,t,mp9,98,14
0,-245.87512,404.77017,-186.64062,100.0,BombsiteA,Brollan,76561198138828475,ct,ct,0,24,0,chest,t,95638,-455.81128,363.17664,-215.96875,2,BombsiteA,siuhy,76561198150673360,t,mp9,2,14
94,-953.40594,-844.0073,-153.96875,100.0,BackofB,NAF,76561198001151695,t,ct,6,21,79,right_arm,t,95737,-381.13452,-897.774,-318.96875,100,BombsiteB,Spinx,76561198063336407,ct,p250,21,14
0,-383.17554,-903.55457,-318.96875,79.0,BombsiteB,Spinx,76561198063336407,ct,ct,0,27,73,stomach,t,95742,-953.84717,-828.0157,-153.96875,100,BackofB,NAF,76561198001151695,t,mp9,27,14
0,-384.20288,-905.96735,-318.96875,79.0,BombsiteB,Spinx,76561198063336407,ct,ct,0,22,51,right_arm,t,95747,-953.66235,-818.67725,-153.96875,73,BackofB,NAF,76561198001151695,t,mp9,22,14
0,-384.0121,-904.00543,-318.96875,79.0,BombsiteB,Spinx,76561198063336407,ct,ct,0,27,24,stomach,t,95751,-953.8773,-819.21405,-153.96875,51,BackofB,NAF,76561198001151695,t,mp9,27,14
0,-383.64484,-901.2841,-318.96875,79.0,BombsiteB,Spinx,76561198063336407,ct,ct,0,22,2,chest,t,95756,-954.5828,-823.4147,-153.96875,24,BackofB,NAF,76561198001151695,t,mp9,22,14
0,-382.7838,-895.61426,-318.96875,79.0,BombsiteB,Spinx,76561198063336407,ct,ct,0,22,0,chest,t,95765,-955.85364,-830.9494,-153.96875,2,BackofB,NAF,76561198001151695,t,mp9,2,14
99,-872.36694,328.9401,-215.96875,89.0,TMain,NertZ,76561198053126645,t,ct,1,49,51,stomach,t,96317,-304.7921,688.5463,-152.10938,100,BombsiteA,Brollan,76561198138828475,ct,deagle,49,14
0,-579.0783,513.8356,-215.96875,63.0,TMain,torzsi,76561198355739212,ct,ct,0,23,66,chest,t,96372,-870.1027,381.19528,-215.96875,89,TMain,NertZ,76561198053126645,t,mp9,23,14
0,-600.88806,536.8535,-215.96875,63.0,TMain,torzsi,76561198355739212,ct,ct,0,23,43,chest,t,96390,-866.26953,378.27945,-215.96875,66,TMain,NertZ,76561198053126645,t,mp9,23,14
0,-601.3972,536.8908,-215.96875,63.0,TMain,torzsi,76561198355739212,ct,ct,0,95,0,head,t,96403,-865.8812,377.4529,-215.96875,43,TMain,NertZ,76561198053126645,t,mp9,43,14
77,345.51886,-221.83704,-164.46875,100.0,BombsiteA,Jimpphat,76561198855375325,ct,ct,23,35,65,generic,t,98512,-682.93005,510.8716,-215.96875,100,TMain,siuhy,76561198150673360,t,hegrenade,35,15
92,345.51886,-221.83704,-164.46875,100.0,BombsiteA,Jimpphat,76561198855375325,ct,ct,8,12,88,generic,t,98512,-786.20746,563.03424,-215.96875,100,TMain,NertZ,76561198053126645,t,hegrenade,12,15
62,-59.66089,-68.131714,-215.96875,100.0,BombsiteA,Brollan,76561198138828475,ct,ct,30,45,43,generic,t,98578,-659.69275,563.5498,-215.96875,88,TMain,NertZ,76561198053126645,t,hegrenade,45,15
56,-59.66089,-68.131714,-215.96875,100.0,BombsiteA,Brollan,76561198138828475,ct,ct,21,32,33,generic,t,98578,-552.9747,509.49847,-215.96875,65,TMain,siuhy,76561198150673360,t,hegrenade,32,15
84,-610.24396,570.3834,-215.96875,43.0,TMain,NertZ,76561198053126645,t,ct,15,108,0,head,t,98622,-208.5299,-107.534,-215.96875,100,BombsiteA,Brollan,76561198138828475,ct,ak47,100,15
62,928.95026,209.9006,-211.96875,100.0,Tunnels,torzsi,76561198355739212,ct,ct,0,1,42,generic,t,98663,-626.9462,557.35925,-215.96875,43,TMain,NertZ,76561198053126645,t,smokegrenade,1,15
58,929.61633,214.00854,-211.96875,100.0,Tunnels,torzsi,76561198355739212,ct,ct,4,21,21,left_arm,t,98676,-635.28955,551.5855,-215.96875,42,TMain,NertZ,76561198053126645,t,m4a1,21,15
57,929.96674,200.40001,-211.96875,100.0,Tunnels,torzsi,76561198355739212,ct,ct,1,5,16,stomach,t,98746,-584.51373,571.9678,-215.96875,21,TMain,NertZ,76561198053126645,t,m4a1,5,15
59,420.8293,353.76633,-215.96875,100.0,BombsiteA,xertioN,76561198193174134,ct,ct,1,2,98,generic,t,98756,420.8293,353.76633,-215.96875,100,BombsiteA,xertioN,76561198193174134,ct,hegrenade,2,15
96,-51.02893,682.74365,-171.96875,33.0,BombsiteA,siuhy,76561198150673360,t,ct,4,33,67,stomach,t,98783,503.38144,-121.01764,-141.96875,100,BombsiteA,Jimpphat,76561198855375325,ct,ak47,33,15
93,-48.964905,682.2156,-171.96875,33.0,BombsiteA,siuhy,76561198150673360,t,ct,3,26,41,chest,t,98796,521.82263,-121.23004,-141.96875,67,BombsiteA,Jimpphat,76561198855375325,ct,ak47,26,15
89,-47.149902,683.48016,-171.96875,33.0,BombsiteA,siuhy,76561198150673360,t,ct,4,33,8,stomach,t,98809,528.9743,-127.35193,-141.96875,41,BombsiteA,Jimpphat,76561198855375325,ct,ak47,33,15
50,525.5658,-132.05664,-141.96875,8.0,BombsiteA,Jimpphat,76561198855375325,ct,ct,6,29,4,stomach,t,98816,-44.415894,685.4325,-171.96875,33,BombsiteA,siuhy,76561198150673360,t,m4a1,29,15
50,523.2774,-134.2279,-141.96875,8.0,BombsiteA,Jimpphat,76561198855375325,ct,ct,0,25,0,right_leg,t,98822,-43.43164,686.1351,-171.96875,4,BombsiteA,siuhy,76561198150673360,t,m4a1,4,15
82,1138.0571,1145.6498,-215.96875,100.0,Ivy,torzsi,76561198355739212,ct,ct,18,86,14,head,t,99927,851.4758,1658.9324,-215.96875,100,Ivy,NAF,76561198001151695,t,m4a1,86,15
77,1145.1711,1162.8828,-215.96875,100.0,Ivy,torzsi,76561198355739212,ct,ct,5,24,0,chest,t,99940,851.8117,1658.9846,-215.96875,14,Ivy,NAF,76561198001151695,t,m4a1,14,15
56,16.81863,1626.8079,-215.96875,100.0,Alley,ultimate,76561198283989223,t,ct,3,26,72,chest,t,100043,1077.7252,1562.9968,-215.96875,98,Ivy,xertioN,76561198193174134,ct,ak47,26,15
95,1077.479,1567.7131,-215.96875,72.0,Ivy,xertioN,76561198193174134,ct,ct,5,23,77,chest,t,100049,17.236546,1624.8695,-215.96875,100,Alley,ultimate,76561198283989223,t,m4a1,23,15
53,17.236546,1624.8695,-215.96875,100.0,Alley,ultimate,76561198283989223,t,ct,3,26,46,chest,t,100049,1077.479,1567.7131,-215.96875,72,Ivy,xertioN,76561198193174134,ct,ak47,26,15
89,1077.2465,1564.6512,-215.96875,46.0,Ivy,xertioN,76561198193174134,ct,ct,6,29,48,stomach,t,100055,17.137388,1620.7023,-215.96875,77,Alley,ultimate,76561198283989223,t,m4a1,29,15
83,1077.0105,1561.1356,-215.96875,46.0,Ivy,xertioN,76561198193174134,ct,ct,6,29,19,stomach,t,100062,16.9945,1616.5029,-215.96875,48,Alley,ultimate,76561198283989223,t,m4a1,29,15
50,16.9945,1616.5029,-215.96875,48.0,Alley,ultimate,76561198283989223,t,ct,3,26,20,chest,t,100062,1077.0105,1561.1356,-215.96875,46,Ivy,xertioN,76561198193174134,ct,ak47,26,15
78,1076.8972,1559.3378,-215.96875,20.0,Ivy,xertioN,76561198193174134,ct,ct,5,23,0,chest,t,100068,16.95745,1615.488,-215.96875,19,Alley,ultimate,76561198283989223,t,m4a1,19,15
53,1126.649,1484.953,-215.96875,100.0,Ivy,torzsi,76561198355739212,ct,ct,4,23,0,chest,t,100399,54.20842,1626.1469,-215.96875,16,Alley,NertZ,76561198053126645,t,m4a1,16,15
95,361.97064,-398.31677,-209.96875,8.0,Connector,Jimpphat,76561198855375325,ct,ct,5,24,76,chest,t,101656,-367.31488,-37.979126,-215.96875,100,BombsiteA,Twistzz,76561198016255205,t,m4a1,24,15
74,-364.1599,-39.166504,-215.96875,76.0,BombsiteA,Twistzz,76561198016255205,t,ct,15,108,0,head,t,101659,361.97064,-398.31677,-209.96875,8,Connector,Jimpphat,76561198855375325,ct,ak47,8,15
90,396.98328,612.68835,-215.96875,20.0,BombsiteA,xertioN,76561198193174134,ct,ct,5,24,52,chest,t,102119,-146.25128,582.44775,-215.96875,76,BombsiteA,Twistzz,76561198016255205,t,m4a1,24,15
85,396.57755,618.2479,-215.96875,20.0,BombsiteA,xertioN,76561198193174134,ct,ct,5,24,28,right_arm,t,102125,-142.65753,583.86566,-215.96875,52,BombsiteA,Twistzz,76561198016255205,t,m4a1,24,15
80,396.59033,618.00507,-215.96875,20.0,BombsiteA,xertioN,76561198193174134,ct,ct,5,24,4,chest,t,102132,-144.91626,580.4943,-215.96875,28,BombsiteA,Twistzz,76561198016255205,t,m4a1,24,15
75,396.6621,616.82086,-215.96875,20.0,BombsiteA,xertioN,76561198193174134,ct,ct,5,24,0,chest,t,102138,-145.28528,578.01,-215.96875,4,BombsiteA,Twistzz,76561198016255205,t,m4a1,4,15
