ct_side,silenced,t_side,tick,player_X,player_Y,player_Z,player_health,player_place,player_name,player_steamid,player_side,weapon,round_num
ct,false,t,1381,-1485.0354,-85.81775,-63.96875,100,TSpawn,n1ssim,76561198061763596,t,weapon_knife_butterfly,1
ct,false,t,1440,2403.9927,1457.0741,158.07329,100,Library,flameZ,76561197978835160,ct,weapon_knife_butterfly,1
ct,false,t,1473,2496.836,1372.5645,158.9564,100,Library,flameZ,76561197978835160,ct,weapon_knife_butterfly,1
ct,false,t,1524,1804.8138,1259.3579,169.53125,100,Arch,mezii,76561197973140692,ct,weapon_knife_m9_bayonet,1
ct,false,t,1675,2241.8772,806.1458,154.8244,100,BombsiteA,ZywOo,76561198113666193,ct,weapon_knife_karambit,1
ct,false,t,1696,-935.8481,584.35565,-29.746277,100,TSpawn,lux,76561198074017668,t,weapon_decoy,1
ct,false,t,1701,2201.593,712.9142,155.971,100,BombsiteA,ZywOo,76561198113666193,ct,weapon_knife_karambit,1
ct,false,t,1740,-238.10449,872.5541,36.984375,100,TRamp,dumau,76561198194325317,t,weapon_bayonet,1
ct,false,t,1972,-561.2404,229.05127,159.33672,100,Upstairs,lux,76561198074017668,t,weapon_knife_butterfly,1
ct,false,t,2191,-404.54498,-76.78943,192.03125,100,Bridge,lux,76561198074017668,t,weapon_glock,1
ct,false,t,2210,-400.50854,-144.40253,192.03125,100,Bridge,lux,76561198074017668,t,weapon_glock,1
ct,false,t,2325,969.59064,3354.6086,128.03125,100,Ruins,apEX,76561197989744167,ct,weapon_knife_outdoor,1
ct,false,t,2350,1028.4846,3280.5461,128.03125,100,Ruins,apEX,76561197989744167,ct,weapon_knife_outdoor,1
ct,false,t,2492,73.33353,1382.2914,102.36095,100,Banana,dumau,76561198194325317,t,weapon_decoy,1
ct,false,t,2839,956.47626,3228.4324,128.03125,100,Ruins,apEX,76561197989744167,ct,weapon_knife_outdoor,1
ct,false,t,4135,1164.4789,447.02875,111.42966,100,Middle,n1ssim,76561198061763596,t,weapon_smokegrenade,1
ct,false,t,4217,1126.0414,550.244,116.726845,100,Middle,n1ssim,76561198061763596,t,weapon_flashbang,1
ct,false,t,4325,1106.8403,447.03412,106.879974,100,Middle,saadzin,76561198100494962,t,weapon_smokegrenade,1
ct,false,t,4361,1396.7015,597.8919,126.59375,100,TopofMid,lux,76561198074017668,t,weapon_glock,1
ct,false,t,4477,1213.7844,571.45416,123.4763,100,Middle,n1ssim,76561198061763596,t,weapon_flashbang,1
ct,false,t,4561,1251.4977,465.24655,118.39116,100,Middle,n1ssim,76561198061763596,t,weapon_glock,1
ct,false,t,4570,1264.2291,459.17307,119.40968,100,Middle,n1ssim,76561198061763596,t,weapon_glock,1
ct,false,t,4613,1404.6415,143.60924,132.03125,100,TopofMid,saadzin,76561198100494962,t,weapon_molotov,1
ct,true,t,5138,2326.145,2038.766,135.0237,100,CTSpawn,apEX,76561197989744167,ct,weapon_usp_silencer,1
ct,false,t,5144,1934.6122,1656.418,160.03125,100,CTSpawn,lux,76561198074017668,t,weapon_glock,1
ct,true,t,5153,2306.4556,2058.353,135.44576,100,CTSpawn,apEX,76561197989744167,ct,weapon_usp_silencer,1
ct,false,t,5154,1936.8308,1677.6989,160.03125,100,CTSpawn,lux,76561198074017668,t,weapon_glock,1
ct,false,t,5164,1930.7489,1699.3071,160.03125,100,CTSpawn,lux,76561198074017668,t,weapon_glock,1
ct,false,t,5225,1833.9772,1414.5024,160.03125,100,Arch,saadzin,76561198100494962,t,weapon_glock,1
ct,false,t,5237,1829.8798,1439.4955,160.03125,100,Arch,saadzin,76561198100494962,t,weapon_glock,1
ct,false,t,5243,2176.233,2267.5757,134.34624,100,CTSpawn,apEX,76561197989744167,ct,weapon_smokegrenade,1
ct,false,t,5256,2029.7216,1765.269,161.03125,100,CTSpawn,latto,76561198850020186,t,weapon_glock,1
ct,false,t,5265,1619.0245,1925.9573,173.87929,100,CTSpawn,ropz,76561197991272318,ct,weapon_elite,1
ct,false,t,5269,2069.301,1792.1616,141.17735,100,CTSpawn,latto,76561198850020186,t,weapon_glock,1
ct,false,t,5273,1618.6633,1924.9814,173.35886,88,CTSpawn,ropz,76561197991272318,ct,weapon_elite,1
ct,false,t,5278,2091.278,1813.206,137.48705,100,CTSpawn,latto,76561198850020186,t,weapon_glock,1
ct,false,t,5278,1855.7141,1469.4907,160.03125,100,Arch,saadzin,76561198100494962,t,weapon_glock,1
ct,false,t,5281,1621.6436,1934.6869,176.03125,88,CTSpawn,ropz,76561197991272318,ct,weapon_elite,1
ct,false,t,5288,2098.3125,1810.6201,137.75565,100,CTSpawn,latto,76561198850020186,t,weapon_glock,1
ct,false,t,5292,1857.7367,1494.1539,160.03125,100,Arch,saadzin,76561198100494962,t,weapon_glock,1
ct,false,t,5297,2097.693,1797.6427,137.732,100,CTSpawn,latto,76561198850020186,t,weapon_glock,1
ct,false,t,5302,1849.8014,1496.1366,160.03125,100,Arch,saadzin,76561198100494962,t,weapon_glock,1
ct,false,t,5305,1636.7946,1961.9036,176.03125,65,CTSpawn,ropz,76561197991272318,ct,weapon_elite,1
ct,false,t,5312,1633.1442,1962.5631,176.03125,65,CTSpawn,ropz,76561197991272318,ct,weapon_elite,1
ct,false,t,5320,1631.3519,1962.2946,176.03125,65,CTSpawn,ropz,76561197991272318,ct,weapon_elite,1
ct,false,t,5329,2013.2754,2267.84,134.09734,100,CTSpawn,apEX,76561197989744167,ct,weapon_flashbang,1
ct,false,t,5367,1631.3143,1913.2714,167.11348,65,CTSpawn,ropz,76561197991272318,ct,weapon_elite,1
ct,false,t,5369,2373.829,2108.2258,132.48299,100,CTSpawn,lux,76561198074017668,t,weapon_glock,1
ct,false,t,5378,2391.7363,2136.044,132.12181,100,CTSpawn,lux,76561198074017668,t,weapon_glock,1
ct,false,t,5388,2398.1492,2171.0605,132.06102,100,CTSpawn,lux,76561198074017668,t,weapon_glock,1
ct,false,t,5388,1631.542,1896.9563,160.03125,65,CTSpawn,ropz,76561197991272318,ct,weapon_elite,1
ct,false,t,5397,2390.2417,2199.8794,132.0482,100,CTSpawn,lux,76561198074017668,t,weapon_glock,1
ct,true,t,5544,1835.047,2531.8394,124.031845,100,CTSpawn,apEX,76561197989744167,ct,weapon_usp_silencer,1
ct,false,t,5560,1655.9357,2389.02,160.03125,65,CTSpawn,ropz,76561197991272318,ct,weapon_elite,1
ct,true,t,5563,1831.3291,2516.937,132.73155,100,CTSpawn,apEX,76561197989744167,ct,weapon_usp_silencer,1
ct,false,t,5564,2451.4355,2357.0962,128.54274,100,CTSpawn,lux,76561198074017668,t,weapon_glock,1
ct,false,t,5571,1656.1029,2391.0737,160.03125,65,CTSpawn,ropz,76561197991272318,ct,weapon_elite,1
ct,true,t,5575,1833.9244,2534.6245,124.031845,100,CTSpawn,apEX,76561197989744167,ct,weapon_usp_silencer,1
ct,false,t,5583,1656.7552,2402.4155,160.03125,65,CTSpawn,ropz,76561197991272318,ct,weapon_elite,1
ct,false,t,5602,1658.6936,2419.262,160.03125,65,CTSpawn,ropz,76561197991272318,ct,weapon_elite,1
ct,false,t,5650,2542.903,2238.3538,136.6115,100,CTSpawn,latto,76561198850020186,t,weapon_glock,1
ct,true,t,5650,1919.5474,2740.365,124.031845,100,CTSpawn,apEX,76561197989744167,ct,weapon_usp_silencer,1
ct,false,t,5662,2531.6816,2221.9648,135.37894,85,CTSpawn,latto,76561198850020186,t,weapon_glock,1
ct,false,t,5664,1707.5836,2510.376,160.03125,65,CTSpawn,ropz,76561197991272318,ct,weapon_elite,1
ct,true,t,5665,1914.2089,2733.2266,124.031845,100,CTSpawn,apEX,76561197989744167,ct,weapon_usp_silencer,1
ct,false,t,5672,2522.9348,2211.2512,134.23457,67,CTSpawn,latto,76561198850020186,t,weapon_glock,1
ct,false,t,5677,1707.5177,2510.691,160.03125,65,CTSpawn,ropz,76561197991272318,ct,weapon_elite,1
ct,true,t,5679,1888.1661,2701.17,124.031845,100,CTSpawn,apEX,76561197989744167,ct,weapon_usp_silencer,1
ct,false,t,5683,2521.9944,2210.0767,134.0662,53,CTSpawn,latto,76561198850020186,t,weapon_glock,1
ct,false,t,5689,1709.9125,2517.089,160.03125,65,CTSpawn,ropz,76561197991272318,ct,weapon_elite,1
ct,true,t,5692,1860.0924,2665.384,124.031845,100,CTSpawn,apEX,76561197989744167,ct,weapon_usp_silencer,1
ct,false,t,5693,2528.0332,2217.1333,134.93703,53,CTSpawn,latto,76561198850020186,t,weapon_glock,1
ct,true,t,5697,2323.8489,1464.0657,159.93294,100,Library,ZywOo,76561198113666193,ct,weapon_usp_silencer,1
ct,false,t,5700,1710.288,2518.0479,160.03125,65,CTSpawn,ropz,76561197991272318,ct,weapon_elite,1
ct,false,t,5712,1713.1512,2519.468,160.03125,65,CTSpawn,ropz,76561197991272318,ct,weapon_elite,1
ct,true,t,5713,2323.4858,1464.161,159.9422,100,Library,ZywOo,76561198113666193,ct,weapon_usp_silencer,1
ct,false,t,5718,2515.5076,2200.9856,132.84479,38,CTSpawn,latto,76561198850020186,t,weapon_glock,1
ct,false,t,5722,1716.9281,2520.9888,160.03125,65,CTSpawn,ropz,76561197991272318,ct,weapon_elite,1
ct,true,t,5728,2326.411,1463.383,159.86748,100,Library,ZywOo,76561198113666193,ct,weapon_usp_silencer,1
ct,false,t,5732,2518.6094,2217.6943,133.12698,23,CTSpawn,latto,76561198850020186,t,weapon_glock,1
ct,false,t,5732,1721.8453,2522.6445,160.03125,65,CTSpawn,ropz,76561197991272318,ct,weapon_elite,1
ct,false,t,5741,1733.4642,2519.2568,160.03125,65,CTSpawn,ropz,76561197991272318,ct,weapon_elite,1
ct,true,t,5746,2330.7327,1462.2218,159.75706,100,Library,ZywOo,76561198113666193,ct,weapon_usp_silencer,1
ct,false,t,5751,1386.735,953.9879,157.60622,100,TopofMid,n1ssim,76561198061763596,t,weapon_glock,1
ct,false,t,5754,1768.5996,2524.2385,142.14801,65,CTSpawn,ropz,76561197991272318,ct,weapon_elite,1
ct,true,t,5757,2337.6384,1460.6903,159.58064,100,Library,ZywOo,76561198113666193,ct,weapon_usp_silencer,1
ct,false,t,5762,1385.3134,956.646,157.8428,100,TopofMid,n1ssim,76561198061763596,t,weapon_glock,1
ct,false,t,5764,1791.4758,2536.3877,132.73155,65,CTSpawn,ropz,76561197991272318,ct,weapon_elite,1
ct,false,t,5773,1385.3058,956.57733,157.83669,100,TopofMid,n1ssim,76561198061763596,t,weapon_glock,1
ct,false,t,5774,1798.1565,2538.1672,132.73155,65,CTSpawn,ropz,76561197991272318,ct,weapon_elite,1
ct,false,t,5782,1801.703,2542.277,132.73155,65,CTSpawn,ropz,76561197991272318,ct,weapon_elite,1
ct,false,t,5785,1388.463,952.2335,157.45006,100,TopofMid,n1ssim,76561198061763596,t,weapon_glock,1
ct,false,t,5790,1808.3322,2545.6926,132.73155,65,CTSpawn,ropz,76561197991272318,ct,weapon_elite,1
ct,true,t,5793,1824.4314,1310.1451,160.03125,89,Arch,mezii,76561197973140692,ct,weapon_usp_silencer,1
ct,false,t,5853,1386.292,943.1492,156.64151,100,TopofMid,n1ssim,76561198061763596,t,weapon_glock,1
ct,true,t,5858,1848.8569,1240.6666,169.53125,89,Arch,mezii,76561197973140692,ct,weapon_usp_silencer,1
ct,true,t,5870,1847.5383,1240.7885,169.53125,89,Arch,mezii,76561197973140692,ct,weapon_usp_silencer,1
ct,true,t,5918,1860.0623,2735.9592,124.031845,100,CTSpawn,apEX,76561197989744167,ct,weapon_usp_silencer,1
ct,false,t,5919,1193.4897,2845.3452,128.69547,100,Ruins,dumau,76561198194325317,t,weapon_glock,1
ct,false,t,5931,1194.0942,2875.5237,128.03151,100,Ruins,dumau,76561198194325317,t,weapon_glock,1
ct,true,t,5939,1865.0435,2768.6814,124.03185,4,CTSpawn,apEX,76561197989744167,ct,weapon_usp_silencer,1
ct,false,t,5943,1190.1917,2860.3962,128.0315,100,Ruins,dumau,76561198194325317,t,weapon_glock,1
ct,false,t,5953,1185.7607,2831.6865,128.69547,100,Ruins,dumau,76561198194325317,t,weapon_glock,1
ct,false,t,6106,1854.4144,2732.2676,124.031845,65,CTSpawn,ropz,76561197991272318,ct,weapon_elite,1
ct,false,t,6107,1323.8604,2861.988,128.69547,100,Ruins,dumau,76561198194325317,t,weapon_glock,1
ct,false,t,6113,1852.9753,2725.6853,124.031845,54,CTSpawn,ropz,76561197991272318,ct,weapon_elite,1
ct,false,t,6117,1337.4532,2889.3784,128.69547,100,Ruins,dumau,76561198194325317,t,weapon_glock,1
ct,false,t,6127,1336.9816,2883.7412,128.69547,100,Ruins,dumau,76561198194325317,t,weapon_glock,1
ct,false,t,6136,1330.4144,2863.1812,128.69547,100,Ruins,dumau,76561198194325317,t,weapon_glock,1
ct,false,t,6136,1845.1921,2697.061,124.031845,43,CTSpawn,ropz,76561197991272318,ct,weapon_elite,1
ct,true,t,6137,2358.7273,2551.2615,129.66647,99,CTSpawn,ZywOo,76561198113666193,ct,weapon_usp_silencer,1
ct,false,t,6146,1320.4425,2832.1333,124.03175,100,Ruins,dumau,76561198194325317,t,weapon_glock,1
ct,false,t,6149,1841.6943,2686.6597,124.031845,43,CTSpawn,ropz,76561197991272318,ct,weapon_elite,1
ct,false,t,6155,2442.184,1421.7002,157.63797,99,Library,flameZ,76561197978835160,ct,weapon_knife_butterfly,1
ct,false,t,6270,1204.486,2866.3005,128.03152,100,Ruins,dumau,76561198194325317,t,weapon_glock,1
ct,true,t,6270,2254.4812,2708.6292,128.66911,99,CTSpawn,ZywOo,76561198113666193,ct,weapon_usp_silencer,1
ct,false,t,6282,1202.928,2857.2542,128.03152,100,Ruins,dumau,76561198194325317,t,weapon_glock,1
ct,true,t,6287,2250.2214,2699.0303,128.43344,90,CTSpawn,ZywOo,76561198113666193,ct,weapon_usp_silencer,1
ct,false,t,7991,-1647.1212,217.19041,-63.96875,100,TSpawn,saadzin,76561198100494962,t,weapon_knife_flip,2
ct,false,t,8065,-1513.4227,-36.332153,-63.96875,100,TSpawn,saadzin,76561198100494962,t,weapon_knife_flip,2
ct,false,t,8148,1806.0479,1267.857,168.39613,100,Arch,mezii,76561197973140692,ct,weapon_knife_m9_bayonet,2
ct,false,t,8167,-976.29425,-351.46375,4.031249,100,LowerMid,latto,76561198850020186,t,weapon_knife_karambit,2
ct,false,t,8170,-1217.3975,-272.78455,4.03125,100,TSpawn,saadzin,76561198100494962,t,weapon_knife_flip,2
ct,false,t,8214,-804.5843,-305.5852,-1.7501221,100,LowerMid,latto,76561198850020186,t,weapon_knife_karambit,2
ct,false,t,8240,1529.8168,1059.4857,158.43771,100,Arch,mezii,76561197973140692,ct,weapon_knife_m9_bayonet,2
ct,false,t,8244,-707.50696,-246.43872,-0.9434204,100,LowerMid,latto,76561198850020186,t,weapon_knife_karambit,2
ct,false,t,8249,-947.44714,-337.1183,4.03125,100,LowerMid,saadzin,76561198100494962,t,weapon_knife_flip,2
ct,false,t,8309,-729.7593,-281.46143,-1.6373901,100,LowerMid,saadzin,76561198100494962,t,weapon_knife_flip,2
ct,false,t,8367,2129.1453,515.4824,161.0371,100,BombsiteA,ropz,76561197991272318,ct,weapon_knife_skeleton,2
ct,false,t,8397,1339.8511,558.05,125.03125,100,TopofMid,mezii,76561197973140692,ct,weapon_incgrenade,2
ct,false,t,8416,-9.918396,852.59985,80.03125,100,TRamp,dumau,76561198194325317,t,weapon_smokegrenade,2
ct,false,t,8423,-935.57855,584.38226,-29.709229,100,TSpawn,lux,76561198074017668,t,weapon_smokegrenade,2
ct,false,t,8472,971.2949,2779.9705,132.56668,100,BombsiteB,apEX,76561197989744167,ct,weapon_flashbang,2
ct,false,t,8489,742.7595,2219.233,136.0313,100,Banana,flameZ,76561197978835160,ct,weapon_incgrenade,2
ct,false,t,8491,94.39157,1084.313,88.348564,100,Banana,dumau,76561198194325317,t,weapon_molotov,2
ct,false,t,8513,832.08014,2365.498,140.0843,100,BombsiteB,ZywOo,76561198113666193,ct,weapon_hegrenade,2
ct,false,t,8736,1226.4695,2726.093,124.0316,100,Ruins,ZywOo,76561198113666193,ct,weapon_knife_karambit,2
ct,false,t,8903,1735.1072,84.77697,130.29718,100,BombsiteA,ropz,76561197991272318,ct,weapon_knife_skeleton,2
ct,false,t,8921,1623.8052,2528.5083,160.03125,100,Ruins,ZywOo,76561198113666193,ct,weapon_knife_karambit,2
ct,false,t,9004,2111.2993,3.2754474,123.841125,100,BombsiteA,ropz,76561197991272318,ct,weapon_knife_skeleton,2
ct,false,t,9129,135.0961,703.03204,82.75314,100,Middle,lux,76561198074017668,t,weapon_tec9,2
ct,false,t,9131,542.18463,1964.7968,136.03125,100,Banana,flameZ,76561197978835160,ct,weapon_hegrenade,2
ct,false,t,9137,135.1004,701.1475,82.57647,100,Middle,lux,76561198074017668,t,weapon_tec9,2
ct,false,t,9145,137.21002,700.89935,82.5532,100,Middle,lux,76561198074017668,t,weapon_tec9,2
ct,false,t,9153,153.05951,699.9917,82.46811,100,Middle,lux,76561198074017668,t,weapon_tec9,2
ct,false,t,9188,404.2852,2117.6265,139.88397,100,Banana,apEX,76561197989744167,ct,weapon_mp9,2
ct,false,t,9193,404.2852,2117.6265,139.88397,100,Banana,apEX,76561197989744167,ct,weapon_mp9,2
ct,false,t,9197,404.2254,2117.6416,139.88225,100,Banana,apEX,76561197989744167,ct,weapon_mp9,2
ct,false,t,9202,401.13663,2118.4077,139.79257,100,Banana,apEX,76561197989744167,ct,weapon_mp9,2
ct,false,t,9206,401.9079,2118.223,139.81496,100,Banana,apEX,76561197989744167,ct,weapon_mp9,2
ct,false,t,9210,401.97736,2118.2063,139.81697,100,Banana,apEX,76561197989744167,ct,weapon_mp9,2
ct,false,t,9215,401.97736,2118.2063,139.81697,100,Banana,apEX,76561197989744167,ct,weapon_mp9,2
ct,false,t,9216,2375.2131,-377.09204,93.42194,100,Pit,ropz,76561197991272318,ct,weapon_knife_skeleton,2
ct,false,t,9219,401.97736,2118.2063,139.81697,100,Banana,apEX,76561197989744167,ct,weapon_mp9,2
ct,false,t,9224,401.97736,2118.2063,139.81697,100,Banana,apEX,76561197989744167,ct,weapon_mp9,2
ct,false,t,9228,401.97736,2118.2063,139.81697,100,Banana,apEX,76561197989744167,ct,weapon_mp9,2
ct,false,t,9233,401.97736,2118.2063,139.81697,100,Banana,apEX,76561197989744167,ct,weapon_mp9,2
ct,false,t,9237,401.97736,2118.2063,139.81697,100,Banana,apEX,76561197989744167,ct,weapon_mp9,2
ct,false,t,9242,401.97736,2118.2063,139.81697,100,Banana,apEX,76561197989744167,ct,weapon_mp9,2
ct,false,t,9246,401.97736,2118.2063,139.81697,100,Banana,apEX,76561197989744167,ct,weapon_mp9,2
ct,false,t,9251,401.97736,2118.2063,139.81697,100,Banana,apEX,76561197989744167,ct,weapon_mp9,2
ct,false,t,9285,2295.4954,-486.00806,112.03125,100,Pit,ropz,76561197991272318,ct,weapon_knife_skeleton,2
ct,false,t,9303,411.0606,2116.209,140.08069,100,Banana,apEX,76561197989744167,ct,weapon_mp9,2
ct,false,t,9307,411.55447,2116.0808,140.09502,100,Banana,apEX,76561197989744167,ct,weapon_mp9,2
ct,false,t,9312,411.55447,2116.0808,140.09502,100,Banana,apEX,76561197989744167,ct,weapon_mp9,2
ct,false,t,9316,411.55447,2116.0808,140.09502,100,Banana,apEX,76561197989744167,ct,weapon_mp9,2
ct,false,t,9321,411.55447,2116.0808,140.09502,100,Banana,apEX,76561197989744167,ct,weapon_mp9,2
ct,false,t,9325,411.55447,2116.0808,140.09502,100,Banana,apEX,76561197989744167,ct,weapon_mp9,2
ct,false,t,9330,411.55447,2116.0808,140.09502,100,Banana,apEX,76561197989744167,ct,weapon_mp9,2
ct,false,t,9334,411.55447,2116.0808,140.09502,100,Banana,apEX,76561197989744167,ct,weapon_mp9,2
ct,false,t,9339,411.55447,2116.0808,140.09502,100,Banana,apEX,76561197989744167,ct,weapon_mp9,2
ct,false,t,9343,412.47855,2115.8123,140.12186,100,Banana,apEX,76561197989744167,ct,weapon_mp9,2
ct,false,t,9349,2424.1216,-499.00604,112.03125,100,Pit,ropz,76561197991272318,ct,weapon_knife_skeleton,2
ct,false,t,9370,152.84222,777.65765,80.032425,87,Middle,dumau,76561198194325317,t,weapon_flashbang,2
ct,true,t,9721,777.468,2590.8423,136.03146,100,BombsiteB,flameZ,76561197978835160,ct,weapon_usp_silencer,2
ct,true,t,9749,828.7942,2577.7122,140.0843,100,BombsiteB,flameZ,76561197978835160,ct,weapon_usp_silencer,2
ct,true,t,9766,818.31506,2581.6528,136.03146,100,BombsiteB,flameZ,76561197978835160,ct,weapon_usp_silencer,2
ct,false,t,10008,1141.3726,581.2217,117.90616,100,Middle,lux,76561198074017668,t,weapon_flashbang,2
ct,false,t,10013,393.6887,663.9672,90.19002,87,Middle,dumau,76561198194325317,t,weapon_flashbang,2
ct,false,t,10165,2474.632,-40.51477,106.23973,100,Pit,ropz,76561197991272318,ct,weapon_m4a1,2
ct,false,t,10171,2474.351,-39.431946,106.25476,100,Pit,ropz,76561197991272318,ct,weapon_m4a1,2
ct,false,t,10177,2474.7378,-40.934937,106.233894,100,Pit,ropz,76561197991272318,ct,weapon_m4a1,2
ct,false,t,10182,2474.68,-40.71277,106.236984,100,Pit,ropz,76561197991272318,ct,weapon_m4a1,2
ct,false,t,10188,2474.9312,-41.910156,106.22036,100,Pit,ropz,76561197991272318,ct,weapon_m4a1,2
ct,false,t,10194,2475.624,-45.32495,106.17293,100,Pit,ropz,76561197991272318,ct,weapon_m4a1,2
ct,false,t,10200,2476.0215,-48.7677,106.125114,100,Pit,ropz,76561197991272318,ct,weapon_m4a1,2
ct,false,t,10205,2476.7888,-56.599426,105.63419,100,Pit,ropz,76561197991272318,ct,weapon_m4a1,2
ct,false,t,10207,1895.675,315.74384,161.03122,100,BombsiteA,mezii,76561197973140692,ct,weapon_mp9,2
ct,false,t,10211,1895.5066,315.7202,161.03122,100,BombsiteA,mezii,76561197973140692,ct,weapon_mp9,2
ct,false,t,10211,2477.107,-59.2453,105.323524,100,Pit,ropz,76561197991272318,ct,weapon_m4a1,2
ct,false,t,10214,1935.5239,-202.06238,260.03125,100,Apartments,n1ssim,76561198061763596,t,weapon_tec9,2
ct,false,t,10216,1898.8386,316.5871,161.03125,100,BombsiteA,mezii,76561197973140692,ct,weapon_mp9,2
ct,false,t,10217,2477.1243,-66.24255,104.515015,100,Pit,ropz,76561197991272318,ct,weapon_m4a1,2
ct,false,t,10220,1897.3517,316.22528,161.03122,100,BombsiteA,mezii,76561197973140692,ct,weapon_mp9,2
ct,false,t,10223,1942.4927,-200.65924,260.03125,100,Apartments,n1ssim,76561198061763596,t,weapon_tec9,2
ct,false,t,10248,1296.6232,2765.9792,124.03172,100,Ruins,apEX,76561197989744167,ct,weapon_knife_outdoor,2
ct,false,t,10274,2478.0354,-240.04102,102.03124,100,Pit,ropz,76561197991272318,ct,weapon_m4a1,2
ct,false,t,10276,1405.9177,2764.9653,124.03189,100,Ruins,apEX,76561197989744167,ct,weapon_knife_outdoor,2
ct,false,t,10280,2113.657,-254.04236,250.26936,100,Balcony,n1ssim,76561198061763596,t,weapon_tec9,2
ct,false,t,10280,2478.3347,-237.66418,102.03124,100,Pit,ropz,76561197991272318,ct,weapon_m4a1,2
ct,false,t,10282,1867.9153,-204.4187,260.03125,100,Apartments,saadzin,76561198100494962,t,weapon_tec9,2
ct,false,t,10285,1861.9912,334.4023,161.03122,100,BombsiteA,mezii,76561197973140692,ct,weapon_mp9,2
ct,false,t,10286,2478.5103,-228.06396,102.03124,100,Pit,ropz,76561197991272318,ct,weapon_m4a1,2
ct,false,t,10287,2126.5464,-270.28503,246.92766,100,Balcony,n1ssim,76561198061763596,t,weapon_tec9,2
ct,false,t,10289,1863.3973,335.04132,161.03122,100,BombsiteA,mezii,76561197973140692,ct,weapon_mp9,2
ct,false,t,10291,2478.0613,-216.12799,102.03124,100,Pit,ropz,76561197991272318,ct,weapon_m4a1,2
ct,false,t,10293,1861.0842,334.01898,161.03122,100,BombsiteA,mezii,76561197973140692,ct,weapon_mp9,2
ct,false,t,10295,2128.3242,-280.10657,246.46675,44,Balcony,n1ssim,76561198061763596,t,weapon_tec9,2
ct,false,t,10297,2477.13,-202.094,94.13198,100,Pit,ropz,76561197991272318,ct,weapon_m4a1,2
ct,false,t,10298,1868.4694,-198.19098,260.03125,100,Apartments,saadzin,76561198100494962,t,weapon_tec9,2
ct,false,t,10298,1860.6884,333.84683,161.03122,100,BombsiteA,mezii,76561197973140692,ct,weapon_mp9,2
ct,false,t,10302,1862.3483,334.5889,161.03122,100,BombsiteA,mezii,76561197973140692,ct,weapon_mp9,2
ct,false,t,10302,1507.4404,2762.453,124.03195,100,Ruins,apEX,76561197989744167,ct,weapon_knife_outdoor,2
ct,false,t,10303,2476.0215,-191.1875,94.35241,100,Pit,ropz,76561197991272318,ct,weapon_m4a1,2
ct,false,t,10307,1861.3358,334.13956,161.03122,100,BombsiteA,mezii,76561197973140692,ct,weapon_mp9,2
ct,false,t,10311,1863.8715,335.23508,161.03122,100,BombsiteA,mezii,76561197973140692,ct,weapon_mp9,2
ct,false,t,10316,1865.982,336.14676,161.03122,100,BombsiteA,mezii,76561197973140692,ct,weapon_mp9,2
ct,false,t,10320,1866.9099,336.53317,161.03122,100,BombsiteA,mezii,76561197973140692,ct,weapon_mp9,2
ct,false,t,10328,1609.0012,2762.9763,124.031906,100,Ruins,apEX,76561197989744167,ct,weapon_knife_outdoor,2
ct,false,t,10354,1710.2869,2758.5022,124.03197,100,CTSpawn,apEX,76561197989744167,ct,weapon_knife_outdoor,2
ct,false,t,10377,2472.3918,-60.609253,105.252075,100,Pit,ropz,76561197991272318,ct,weapon_m4a1,2
ct,false,t,10382,2472.4946,-60.6131,105.24976,100,Pit,ropz,76561197991272318,ct,weapon_m4a1,2
ct,false,t,10388,2471.4897,-63.84796,104.89529,100,Pit,ropz,76561197991272318,ct,weapon_m4a1,2
ct,false,t,10394,2470.9727,-65.39813,104.72605,100,Pit,ropz,76561197991272318,ct,weapon_m4a1,2
ct,false,t,10400,2470.6133,-66.5329,104.60183,100,Pit,ropz,76561197991272318,ct,weapon_m4a1,2
ct,false,t,10405,1848.1577,-199.64575,260.03125,100,Apartments,saadzin,76561198100494962,t,weapon_tec9,2
ct,false,t,10405,2470.205,-67.49347,104.498566,100,Pit,ropz,76561197991272318,ct,weapon_m4a1,2
ct,false,t,10410,1973.2507,153.16742,151.01799,51,BombsiteA,lux,76561198074017668,t,weapon_tec9,2
ct,false,t,10411,2469.36,-69.363525,104.298454,100,Pit,ropz,76561197991272318,ct,weapon_m4a1,2
ct,false,t,10415,1822.1936,246.91089,220.03128,100,BombsiteA,mezii,76561197973140692,ct,weapon_mp9,2
ct,false,t,10417,2469.1729,-69.765076,104.255585,100,Pit,ropz,76561197991272318,ct,weapon_m4a1,2
ct,false,t,10420,1826.3765,249.8948,220.03128,100,BombsiteA,mezii,76561197973140692,ct,weapon_mp9,2
ct,false,t,10421,1975.0181,164.90485,157.30591,15,BombsiteA,lux,76561198074017668,t,weapon_tec9,2
ct,false,t,10423,1845.4508,-188.35632,260.03125,100,Apartments,saadzin,76561198100494962,t,weapon_tec9,2
ct,false,t,10423,2468.672,-70.79956,104.14549,100,Pit,ropz,76561197991272318,ct,weapon_m4a1,2
ct,false,t,10424,1831.283,255.73755,220.03128,100,BombsiteA,mezii,76561197973140692,ct,weapon_mp9,2
ct,false,t,10428,2468.3098,-71.54077,104.06667,100,Pit,ropz,76561197991272318,ct,weapon_m4a1,2
ct,false,t,10429,1837.019,263.08005,220.03128,100,BombsiteA,mezii,76561197973140692,ct,weapon_mp9,2
ct,false,t,10431,2518.4065,1270.6992,160.03125,100,Library,ZywOo,76561198113666193,ct,weapon_famas,2
ct,false,t,10433,1837.2687,263.04236,220.03128,100,BombsiteA,mezii,76561197973140692,ct,weapon_mp9,2
ct,false,t,10434,2467.931,-72.29059,103.98716,100,Pit,ropz,76561197991272318,ct,weapon_m4a1,2
ct,false,t,10437,2518.4065,1270.6992,160.03125,100,Library,ZywOo,76561198113666193,ct,weapon_famas,2
ct,false,t,10438,1834.137,258.43732,220.03128,100,BombsiteA,mezii,76561197973140692,ct,weapon_mp9,2
ct,false,t,10440,2467.3284,-73.43445,103.866295,100,Pit,ropz,76561197991272318,ct,weapon_m4a1,2
ct,false,t,10441,1845.4553,-188.55664,260.03125,100,Apartments,saadzin,76561198100494962,t,weapon_tec9,2
ct,false,t,10443,2518.4065,1270.6992,160.03125,100,Library,ZywOo,76561198113666193,ct,weapon_famas,2
ct,false,t,10459,1849.148,-186.09412,260.03125,100,Apartments,saadzin,76561198100494962,t,weapon_tec9,2
ct,false,t,10489,1178.399,2699.925,124.86186,100,Ruins,flameZ,76561197978835160,ct,weapon_knife_butterfly,2
ct,false,t,10752,2343.3728,1532.785,162.03125,100,Library,apEX,76561197989744167,ct,weapon_knife_outdoor,2
ct,false,t,10777,2407.5115,1468.6729,158.26266,100,Library,apEX,76561197989744167,ct,weapon_knife_outdoor,2
ct,false,t,10836,2507.5344,1237.4299,159.75014,100,Library,ZywOo,76561198113666193,ct,weapon_flashbang,2
ct,false,t,11459,2258.1914,588.66644,145.18684,100,BombsiteA,mezii,76561197973140692,ct,weapon_smokegrenade,2
ct,false,t,12709,2242.8657,141.86058,130.08162,100,BombsiteA,mezii,76561197973140692,ct,weapon_flashbang,2
ct,false,t,12851,1501.3618,717.80164,130.52315,87,TopofMid,dumau,76561198194325317,t,weapon_tec9,2
ct,false,t,12854,1380.4222,1197.7234,180.86255,100,TopofMid,apEX,76561197989744167,ct,weapon_mp9,2
ct,false,t,12859,1374.7659,1196.3611,181.03125,100,TopofMid,apEX,76561197989744167,ct,weapon_mp9,2
ct,false,t,12861,1497.1038,716.55426,130.47203,61,TopofMid,dumau,76561198194325317,t,weapon_tec9,2
ct,false,t,12863,1371.6827,1195.618,181.03125,77,TopofMid,apEX,76561197989744167,ct,weapon_mp9,2
ct,false,t,12868,1371.9657,1195.7043,181.03125,77,TopofMid,apEX,76561197989744167,ct,weapon_mp9,2
ct,false,t,12872,1368.2467,1194.7239,181.03125,77,TopofMid,apEX,76561197989744167,ct,weapon_mp9,2
ct,false,t,12877,1367.6404,1194.5627,181.03125,77,TopofMid,apEX,76561197989744167,ct,weapon_mp9,2
ct,false,t,12881,1371.5587,1195.5577,181.03125,77,TopofMid,apEX,76561197989744167,ct,weapon_mp9,2
ct,false,t,12886,1380.6189,1197.7156,180.78282,77,TopofMid,apEX,76561197989744167,ct,weapon_mp9,2
ct,false,t,12890,1388.85,1199.5612,177.62653,77,TopofMid,apEX,76561197989744167,ct,weapon_mp9,2
ct,false,t,13086,1317.998,327.10764,129.3902,100,Apartments,saadzin,76561198100494962,t,weapon_tec9,2
ct,false,t,13123,1297.7505,332.61902,129.53125,100,Apartments,saadzin,76561198100494962,t,weapon_tec9,2
ct,false,t,13200,1531.55,1205.0315,177.11806,77,Arch,apEX,76561197989744167,ct,weapon_mp9,2
ct,false,t,13205,1531.55,1205.0315,177.11806,77,Arch,apEX,76561197989744167,ct,weapon_mp9,2
ct,false,t,13209,1532.5044,1204.7786,177.11806,77,Arch,apEX,76561197989744167,ct,weapon_mp9,2
ct,false,t,13214,1538.6393,1203.149,177.11806,77,Arch,apEX,76561197989744167,ct,weapon_mp9,2
ct,false,t,13218,1546.8302,1200.9574,177.11806,77,Arch,apEX,76561197989744167,ct,weapon_mp9,2
ct,false,t,13225,2280.0317,2545.4302,132.97911,100,CTSpawn,ZywOo,76561198113666193,ct,weapon_knife_karambit,2
ct,false,t,13253,2286.1833,2436.2346,130.76537,100,CTSpawn,ZywOo,76561198113666193,ct,weapon_knife_karambit,2
ct,false,t,13276,547.75836,2779.8997,161.53123,100,BombsiteB,flameZ,76561197978835160,ct,weapon_knife_butterfly,2
ct,false,t,13279,2285.979,2334.6812,132.5208,100,CTSpawn,ZywOo,76561198113666193,ct,weapon_knife_karambit,2
ct,false,t,13302,583.3258,2684.7673,213.60938,100,BombsiteB,flameZ,76561197978835160,ct,weapon_knife_butterfly,2
ct,false,t,13313,2279.924,2202.033,133.31512,100,CTSpawn,ZywOo,76561198113666193,ct,weapon_knife_karambit,2
ct,false,t,13328,618.2035,2591.8997,193.03125,100,BombsiteB,flameZ,76561197978835160,ct,weapon_knife_butterfly,2
ct,false,t,13338,2272.6238,2104.6504,134.83801,100,CTSpawn,ZywOo,76561198113666193,ct,weapon_knife_karambit,2
ct,false,t,13353,659.51215,2506.2688,189.03125,100,BombsiteB,flameZ,76561197978835160,ct,weapon_knife_butterfly,2
ct,false,t,13364,2264.8696,2003.3857,138.55182,100,CTSpawn,ZywOo,76561198113666193,ct,weapon_knife_karambit,2
ct,false,t,13412,1294.674,334.11313,129.53125,100,Apartments,saadzin,76561198100494962,t,weapon_tec9,2
ct,false,t,13418,1509.0986,1202.4238,177.11806,77,Arch,apEX,76561197989744167,ct,weapon_mp9,2
ct,false,t,13421,2151.0881,1829.8096,137.69882,100,CTSpawn,ZywOo,76561198113666193,ct,weapon_knife_karambit,2
ct,false,t,13422,1510.5122,1202.0475,177.11806,77,Arch,apEX,76561197989744167,ct,weapon_mp9,2
ct,false,t,13427,1516.2471,1200.6345,177.11806,77,Arch,apEX,76561197989744167,ct,weapon_mp9,2
ct,false,t,13431,1516.3073,1200.6241,177.11806,77,Arch,apEX,76561197989744167,ct,weapon_mp9,2
ct,false,t,13436,1515.447,1200.8405,177.11806,77,Arch,apEX,76561197989744167,ct,weapon_mp9,2
ct,false,t,13440,1517.7017,1200.2659,177.11806,77,Arch,apEX,76561197989744167,ct,weapon_mp9,2
ct,false,t,13446,2070.5464,1774.5876,147.31448,100,CTSpawn,ZywOo,76561198113666193,ct,weapon_knife_karambit,2
ct,false,t,13464,1557.8624,1189.9208,177.11806,77,Arch,apEX,76561197989744167,ct,weapon_mp9,2
ct,false,t,13465,1306.312,330.461,129.53125,88,Apartments,saadzin,76561198100494962,t,weapon_tec9,2
ct,false,t,13469,1557.0216,1190.1741,177.11806,77,Arch,apEX,76561197989744167,ct,weapon_mp9,2
ct,false,t,13473,1561.0659,1188.9905,177.11806,77,Arch,apEX,76561197989744167,ct,weapon_mp9,2
ct,false,t,13478,1570.4124,1186.2175,177.11806,77,Arch,apEX,76561197989744167,ct,weapon_mp9,2
ct,false,t,13482,1580.347,1183.2382,177.03125,77,Arch,apEX,76561197989744167,ct,weapon_mp9,2
ct,false,t,13589,1662.7023,12.550563,132.03125,100,BombsiteA,mezii,76561197973140692,ct,weapon_mp9,2
ct,false,t,13593,1652.663,1.4159989,132.03125,100,BombsiteA,mezii,76561197973140692,ct,weapon_mp9,2
ct,false,t,13597,1642.5503,-9.662231,132.03125,100,BombsiteA,mezii,76561197973140692,ct,weapon_mp9,2
ct,false,t,13602,1629.6036,-23.223755,132.03125,100,BombsiteA,mezii,76561197973140692,ct,weapon_mp9,2
ct,false,t,13606,1619.0836,-33.67627,132.03125,100,BombsiteA,mezii,76561197973140692,ct,weapon_mp9,2
ct,false,t,13611,1612.8711,-40.658936,132.03125,100,BombsiteA,mezii,76561197973140692,ct,weapon_mp9,2
ct,false,t,13615,1612.1282,-42.277893,132.03125,100,BombsiteA,mezii,76561197973140692,ct,weapon_mp9,2
ct,false,t,13620,1608.7819,-45.34137,132.03125,100,BombsiteA,mezii,76561197973140692,ct,weapon_mp9,2
ct,false,t,13621,1351.5289,280.9177,128.03125,24,TopofMid,saadzin,76561198100494962,t,weapon_tec9,2
ct,false,t,13624,1610.0327,-44.49402,132.03125,76,BombsiteA,mezii,76561197973140692,ct,weapon_mp9,2
ct,false,t,13629,1615.4374,-40.387085,132.03125,76,BombsiteA,mezii,76561197973140692,ct,weapon_mp9,2
ct,false,t,13633,1620.8628,-36.219177,132.03125,76,BombsiteA,mezii,76561197973140692,ct,weapon_mp9,2
ct,false,t,13638,1628.0034,-30.611694,132.03125,76,BombsiteA,mezii,76561197973140692,ct,weapon_mp9,2
ct,false,t,13642,1633.9762,-25.77539,132.03125,76,BombsiteA,mezii,76561197973140692,ct,weapon_mp9,2
ct,false,t,13647,1639.6007,-21.189941,132.03125,76,BombsiteA,mezii,76561197973140692,ct,weapon_mp9,2
ct,false,t,13651,1638.7938,-21.967773,132.03125,76,BombsiteA,mezii,76561197973140692,ct,weapon_mp9,2
ct,false,t,13907,2087.2114,-180.55908,257.1256,100,Balcony,ropz,76561197991272318,ct,weapon_knife_skeleton,2
ct,false,t,15300,2183.786,1853.4929,135.11732,100,CTSpawn,ZywOo,76561198113666193,ct,weapon_knife_karambit,3
ct,false,t,15326,2105.1602,1789.2079,137.9285,100,CTSpawn,ZywOo,76561198113666193,ct,weapon_knife_karambit,3
ct,false,t,15365,-1254.5521,334.97568,-63.96875,100,TSpawn,saadzin,76561198100494962,t,weapon_knife_flip,3
ct,false,t,15451,2033.982,2621.7866,128.03185,100,CTSpawn,apEX,76561197989744167,ct,weapon_knife_outdoor,3
ct,false,t,15477,1951.8782,2681.4583,124.031845,100,CTSpawn,apEX,76561197989744167,ct,weapon_knife_outdoor,3
ct,false,t,15649,-317.2683,808.38837,13.276772,100,TRamp,saadzin,76561198100494962,t,weapon_knife_flip,3
ct,false,t,15691,-160.05292,850.65356,43.659058,100,TRamp,saadzin,76561198100494962,t,weapon_knife_flip,3
ct,false,t,15750,1370.7559,538.9191,118.312454,100,TopofMid,ZywOo,76561198113666193,ct,weapon_incgrenade,3
ct,false,t,15781,96.81863,1011.65265,85.01638,100,Banana,saadzin,76561198100494962,t,weapon_hegrenade,3
ct,false,t,15855,82.05104,975.4448,84.56899,100,Banana,dumau,76561198194325317,t,weapon_hegrenade,3
ct,false,t,15875,813.7478,2154.3904,136.03131,100,Banana,flameZ,76561197978835160,ct,weapon_incgrenade,3
ct,false,t,15883,141.07529,947.822,82.03227,100,Middle,lux,76561198074017668,t,weapon_hegrenade,3
ct,false,t,15930,91.61321,1021.2588,85.977875,100,Banana,latto,76561198850020186,t,weapon_hegrenade,3
ct,false,t,15932,174.4295,1070.1085,88.1384,100,Banana,dumau,76561198194325317,t,weapon_flashbang,3
ct,false,t,16059,885.0043,2128.83,136.36629,100,Banana,apEX,76561197989744167,ct,weapon_mp9,3
ct,false,t,16063,885.7515,2127.5825,136.36629,100,Banana,apEX,76561197989744167,ct,weapon_mp9,3
ct,false,t,16067,884.2839,2130.6113,136.36629,100,Banana,apEX,76561197989744167,ct,weapon_mp9,3
ct,false,t,16072,880.42706,2138.6245,136.36629,100,Banana,apEX,76561197989744167,ct,weapon_mp9,3
ct,false,t,16076,876.10455,2147.536,136.36629,100,Banana,apEX,76561197989744167,ct,weapon_mp9,3
ct,false,t,16081,869.4518,2160.6716,136.36629,100,Banana,apEX,76561197989744167,ct,weapon_mp9,3
ct,false,t,16085,863.22253,2172.165,136.36629,100,Banana,apEX,76561197989744167,ct,weapon_mp9,3
ct,false,t,16090,854.5009,2187.2566,136.18806,100,Banana,apEX,76561197989744167,ct,weapon_mp9,3
ct,false,t,16094,846.92584,2199.6785,136.03128,100,Banana,apEX,76561197989744167,ct,weapon_mp9,3
ct,false,t,16099,836.89105,2215.413,136.03127,100,Banana,apEX,76561197989744167,ct,weapon_mp9,3
ct,false,t,16103,828.69867,2227.978,143.96875,100,Banana,apEX,76561197989744167,ct,weapon_mp9,3
ct,false,t,16108,339.92514,2012.2994,137.83784,82,Banana,saadzin,76561198100494962,t,weapon_glock,3
ct,false,t,16108,818.45575,2243.6821,163.15625,100,Banana,apEX,76561197989744167,ct,weapon_mp9,3
ct,false,t,16199,774.56396,1911.9857,136.03125,82,Banana,flameZ,76561197978835160,ct,weapon_mp9,3
ct,false,t,16204,774.8676,1912.9799,136.03125,82,Banana,flameZ,76561197978835160,ct,weapon_mp9,3
ct,false,t,16208,774.4037,1911.3304,136.03125,82,Banana,flameZ,76561197978835160,ct,weapon_mp9,3
ct,false,t,16213,773.4616,1907.9193,136.03125,82,Banana,flameZ,76561197978835160,ct,weapon_mp9,3
ct,false,t,16217,773.50287,1908.0914,136.03125,82,Banana,flameZ,76561197978835160,ct,weapon_mp9,3
ct,false,t,16230,64.14915,1462.5109,180.03125,100,Banana,latto,76561198850020186,t,weapon_glock,3
ct,false,t,16239,59.953896,1452.6798,180.03125,100,Banana,latto,76561198850020186,t,weapon_glock,3
ct,false,t,16239,856.52747,2278.9045,140.0843,100,BombsiteB,apEX,76561197989744167,ct,weapon_mp9,3
ct,false,t,16244,847.83905,2282.2683,140.0843,100,BombsiteB,apEX,76561197989744167,ct,weapon_mp9,3
ct,false,t,16248,839.46265,2287.5715,140.0843,100,BombsiteB,apEX,76561197989744167,ct,weapon_mp9,3
ct,false,t,16249,65.541336,1429.3148,176.0625,100,Banana,latto,76561198850020186,t,weapon_glock,3
ct,false,t,16253,832.03876,2292.3696,140.0843,100,BombsiteB,apEX,76561197989744167,ct,weapon_mp9,3
ct,false,t,16257,831.28986,2292.4302,140.0843,100,BombsiteB,apEX,76561197989744167,ct,weapon_mp9,3
ct,false,t,16262,828.7855,2294.6826,140.0843,100,BombsiteB,apEX,76561197989744167,ct,weapon_mp9,3
ct,false,t,16352,829.6022,2341.1204,140.0843,100,BombsiteB,apEX,76561197989744167,ct,weapon_hegrenade,3
ct,false,t,16377,10.756221,1415.4921,106.3125,100,Banana,dumau,76561198194325317,t,weapon_flashbang,3
ct,false,t,16391,829.82434,1894.0128,136.03127,82,Banana,flameZ,76561197978835160,ct,weapon_hegrenade,3
ct,false,t,16475,-563.71234,250.17609,145.25351,100,Upstairs,n1ssim,76561198061763596,t,weapon_knife_butterfly,3
ct,false,t,16539,772.65826,1927.5066,136.03125,82,Banana,flameZ,76561197978835160,ct,weapon_flashbang,3
ct,false,t,16542,-499.23987,465.54196,40.031246,100,LowerMid,n1ssim,76561198061763596,t,weapon_knife_butterfly,3
ct,false,t,16687,29.604504,1389.3478,104.03125,99,Banana,latto,76561198850020186,t,weapon_glock,3
ct,false,t,16689,439.85278,2002.5726,186.6875,71,Banana,flameZ,76561197978835160,ct,weapon_mp9,3
ct,false,t,16694,434.10785,2004.3429,184.03125,71,Banana,flameZ,76561197978835160,ct,weapon_mp9,3
ct,false,t,16698,30.562908,1388.8274,104.03125,99,Banana,latto,76561198850020186,t,weapon_glock,3
ct,false,t,16698,436.24344,2002.946,184.03125,71,Banana,flameZ,76561197978835160,ct,weapon_mp9,3
ct,false,t,16706,443.29465,1998.3314,184.03125,27,Banana,flameZ,76561197978835160,ct,weapon_mp9,3
ct,false,t,16708,20.181282,1395.6145,104.03125,86,Banana,latto,76561198850020186,t,weapon_glock,3
ct,false,t,16710,447.127,1995.7709,183.92188,27,Banana,flameZ,76561197978835160,ct,weapon_mp9,3
ct,false,t,16715,451.99396,1992.5104,189.51562,27,Banana,flameZ,76561197978835160,ct,weapon_mp9,3
ct,false,t,16719,455.8875,1989.902,183.26562,27,Banana,flameZ,76561197978835160,ct,weapon_mp9,3
ct,false,t,16720,-339.64734,869.2763,2.317676,100,TRamp,n1ssim,76561198061763596,t,weapon_deagle,3
ct,false,t,16727,1475.6562,392.17798,129.03125,100,TopofMid,mezii,76561197973140692,ct,weapon_mp9,3
ct,false,t,16746,496.2615,605.60333,86.53394,96,Middle,ZywOo,76561198113666193,ct,weapon_famas,3
ct,false,t,16746,480.99213,1972.4064,136.03123,27,Banana,flameZ,76561197978835160,ct,weapon_mp9,3
ct,false,t,16750,-333.08752,894.0542,3.6638927,100,TRamp,n1ssim,76561198061763596,t,weapon_deagle,3
ct,false,t,16751,485.3433,1969.1228,136.03123,27,Banana,flameZ,76561197978835160,ct,weapon_mp9,3
ct,false,t,16752,493.57388,608.1854,86.37458,59,Middle,ZywOo,76561198113666193,ct,weapon_famas,3
ct,false,t,16755,487.75058,1967.2998,136.03125,27,Banana,flameZ,76561197978835160,ct,weapon_mp9,3
ct,false,t,16758,494.035,612.87897,86.393814,59,Middle,ZywOo,76561198113666193,ct,weapon_famas,3
ct,false,t,16760,487.82425,1967.2642,136.03125,27,Banana,flameZ,76561197978835160,ct,weapon_mp9,3
ct,false,t,16764,492.99008,610.3994,86.33736,59,Middle,ZywOo,76561198113666193,ct,weapon_famas,3
ct,false,t,16764,487.38498,1967.6122,136.03125,27,Banana,flameZ,76561197978835160,ct,weapon_mp9,3
ct,false,t,16769,487.38498,1967.6122,136.03125,27,Banana,flameZ,76561197978835160,ct,weapon_mp9,3
ct,false,t,16770,493.4166,611.7192,86.35992,59,Middle,ZywOo,76561198113666193,ct,weapon_famas,3
ct,false,t,16773,487.38498,1967.6122,136.03125,27,Banana,flameZ,76561197978835160,ct,weapon_mp9,3
ct,false,t,16861,818.3674,2290.9104,136.03148,100,BombsiteB,ropz,76561197991272318,ct,weapon_hegrenade,3
ct,false,t,16879,11.592368,1351.7385,104.03125,64,Banana,latto,76561198850020186,t,weapon_glock,3
ct,false,t,16886,341.24466,1940.4211,197.70312,56,Banana,apEX,76561197989744167,ct,weapon_mp9,3
ct,false,t,16889,-7.4642334,1362.0366,104.03125,64,Banana,latto,76561198850020186,t,weapon_glock,3
ct,false,t,16890,340.60785,1925.4987,185.90625,56,Banana,apEX,76561197989744167,ct,weapon_mp9,3
ct,false,t,16895,330.62778,1913.7665,166.76562,56,Banana,apEX,76561197989744167,ct,weapon_mp9,3
ct,false,t,16898,-30.881226,1370.2031,104.031235,64,Banana,latto,76561198850020186,t,weapon_glock,3
ct,false,t,16899,320.23813,1909.0643,147.9375,56,Banana,apEX,76561197989744167,ct,weapon_mp9,3
ct,false,t,16904,313.53467,1906.072,137.03125,56,Banana,apEX,76561197989744167,ct,weapon_mp9,3
ct,false,t,16908,315.2094,1907.1176,137.03125,56,Banana,apEX,76561197989744167,ct,weapon_mp9,3
ct,false,t,16913,321.0976,1910.7701,137.03125,56,Banana,apEX,76561197989744167,ct,weapon_mp9,3
ct,false,t,16939,42.197105,1330.9355,102.74266,64,Banana,latto,76561198850020186,t,weapon_glock,3
ct,false,t,16942,379.0617,1916.8643,136.03122,45,Banana,apEX,76561197989744167,ct,weapon_mp9,3
ct,false,t,16947,378.0917,1918.0812,136.03122,45,Banana,apEX,76561197989744167,ct,weapon_mp9,3
ct,false,t,16948,43.782845,1337.4492,102.33971,43,Banana,latto,76561198850020186,t,weapon_glock,3
ct,false,t,16951,377.58768,1918.5002,136.03122,45,Banana,apEX,76561197989744167,ct,weapon_mp9,3
ct,false,t,16956,381.6021,1916.1783,136.03122,45,Banana,apEX,76561197989744167,ct,weapon_mp9,3
ct,false,t,16960,387.05682,1912.9988,136.03122,45,Banana,apEX,76561197989744167,ct,weapon_mp9,3
ct,false,t,17232,771.8577,2524.2834,136.03146,45,BombsiteB,apEX,76561197989744167,ct,weapon_tec9,3
